"External ID","Code","Description"
"l10n_eu_nace.nace_A","A","POLJOPRIVREDA, ŠUMARSTVO I RIBARSTVO"
"l10n_eu_nace.nace_01","01","Biljna i stočarska proizvodnja, lovstvo i uslužne djelatnosti povezane s njima"
"l10n_eu_nace.nace_01_1","01.1","Uzgoj jednogodišnjih usjeva "
"l10n_eu_nace.nace_01_11","01.11","Uzgoj žitarica (osim riže), mahunarki i uljanog sjemenja"
"l10n_eu_nace.nace_01_12","01.12","Uzgoj riže"
"l10n_eu_nace.nace_01_13","01.13","Uzgoj povrća, dinja i lubenica, korjenastog i gomoljastog povrća"
"l10n_eu_nace.nace_01_14","01.14","Uzgoj šećerne trske"
"l10n_eu_nace.nace_01_15","01.15","Uzgoj duhana"
"l10n_eu_nace.nace_01_16","01.16","Uzgoj predivog bilja "
"l10n_eu_nace.nace_01_19","01.19","Uzgoj ostalih jednogodišnjih usjeva "
"l10n_eu_nace.nace_01_2","01.2","Uzgoj višegodišnjih usjeva "
"l10n_eu_nace.nace_01_21","01.21","Uzgoj grožđa "
"l10n_eu_nace.nace_01_22","01.22","Uzgoj tropskog i suptropskog voća"
"l10n_eu_nace.nace_01_23","01.23","Uzgoj agruma"
"l10n_eu_nace.nace_01_24","01.24","Uzgoj jezgričavog i koštuničavog voća"
"l10n_eu_nace.nace_01_25","01.25","Uzgoj bobičastog, orašastog i ostalog voća "
"l10n_eu_nace.nace_01_26","01.26","Uzgoj uljanih plodova"
"l10n_eu_nace.nace_01_27","01.27","Uzgoj usjeva za pripremanje napitaka"
"l10n_eu_nace.nace_01_28","01.28","Uzgoj bilja za uporabu u farmaciji, aromatskog, začinskog i ljekovitog bilja  "
"l10n_eu_nace.nace_01_29","01.29","Uzgoj ostalih višegodišnjih usjeva"
"l10n_eu_nace.nace_01_3","01.3","Uzgoj sadnog materijala i ukrasnog bilja"
"l10n_eu_nace.nace_01_30","01.30","Uzgoj sadnog materijala i ukrasnog bilja"
"l10n_eu_nace.nace_01_4","01.4","Uzgoj stoke, peradi i ostalih životinja"
"l10n_eu_nace.nace_01_41","01.41","Uzgoj muznih krava"
"l10n_eu_nace.nace_01_42","01.42","Uzgoj ostalih goveda i bivola"
"l10n_eu_nace.nace_01_43","01.43","Uzgoj konja, magaraca, mula i mazgi"
"l10n_eu_nace.nace_01_44","01.44","Uzgoj deva i ljama"
"l10n_eu_nace.nace_01_45","01.45","Uzgoj ovaca i koza"
"l10n_eu_nace.nace_01_46","01.46","Uzgoj svinja"
"l10n_eu_nace.nace_01_47","01.47","Uzgoj peradi"
"l10n_eu_nace.nace_01_49","01.49","Uzgoj ostalih životinja"
"l10n_eu_nace.nace_01_5","01.5","Mješovita proizvodnja"
"l10n_eu_nace.nace_01_50","01.50","Mješovita proizvodnja"
"l10n_eu_nace.nace_01_6","01.6","Pomoćne djelatnosti u poljoprivredi i djelatnosti koje se obavljaju nakon žetve usjeva"
"l10n_eu_nace.nace_01_61","01.61","Pomoćne djelatnosti za uzgoj usjeva"
"l10n_eu_nace.nace_01_62","01.62","Pomoćne djelatnosti za uzgoj životinja"
"l10n_eu_nace.nace_01_63","01.63","Djelatnosti koje se obavljaju nakon žetve usjeva (priprema usjeva za primarna tržišta)"
"l10n_eu_nace.nace_01_64","01.64","Dorada sjemena za sjemenski materijal"
"l10n_eu_nace.nace_01_7","01.7","Lov, stupičarenje i uslužne djelatnosti povezane s njima"
"l10n_eu_nace.nace_01_70","01.70","Lov, stupičarenje i uslužne djelatnosti povezane s njima"
"l10n_eu_nace.nace_02","02","Šumarstvo i sječa drva"
"l10n_eu_nace.nace_02_1","02.1","Uzgoj šuma i ostale djelatnosti u šumarstvu povezane s njime"
"l10n_eu_nace.nace_02_10","02.10","Uzgoj šuma i ostale djelatnosti u šumarstvu povezane s njime"
"l10n_eu_nace.nace_02_2","02.2","Sječa drva"
"l10n_eu_nace.nace_02_20","02.20","Sječa drva "
"l10n_eu_nace.nace_02_3","02.3","Skupljanje šumskih plodova i proizvoda, osim šumskih sortimenata"
"l10n_eu_nace.nace_02_30","02.30","Skupljanje šumskih plodova i proizvoda, osim šumskih sortimenata"
"l10n_eu_nace.nace_02_4","02.4","Pomoćne usluge u šumarstvu "
"l10n_eu_nace.nace_02_40","02.40","Pomoćne usluge u šumarstvu"
"l10n_eu_nace.nace_03","03","Ribarstvo "
"l10n_eu_nace.nace_03_1","03.1","Ribolov"
"l10n_eu_nace.nace_03_11","03.11","Morski ribolov"
"l10n_eu_nace.nace_03_12","03.12","Slatkovodni ribolov"
"l10n_eu_nace.nace_03_2","03.2","Akvakultura"
"l10n_eu_nace.nace_03_21","03.21","Morska akvakultura"
"l10n_eu_nace.nace_03_22","03.22","Slatkovodna akvakultura"
"l10n_eu_nace.nace_B","B","RUDARSTVO I VAĐENJE"
"l10n_eu_nace.nace_05","05","Vađenje ugljena i lignita"
"l10n_eu_nace.nace_05_1","05.1","Vađenje kamenog ugljena"
"l10n_eu_nace.nace_05_10","05.10","Vađenje kamenog ugljena"
"l10n_eu_nace.nace_05_2","05.2","Vađenje lignita"
"l10n_eu_nace.nace_05_20","05.20","Vađenje lignita"
"l10n_eu_nace.nace_06","06","Vađenje sirove nafte i prirodnog plina"
"l10n_eu_nace.nace_06_1","06.1","Vađenje sirove nafte "
"l10n_eu_nace.nace_06_10","06.10","Vađenje sirove nafte "
"l10n_eu_nace.nace_06_2","06.2","Vađenje prirodnog plina"
"l10n_eu_nace.nace_06_20","06.20","Vađenje prirodnog plina"
"l10n_eu_nace.nace_07","07","Vađenje metalnih ruda"
"l10n_eu_nace.nace_07_1","07.1","Vađenje željeznih ruda"
"l10n_eu_nace.nace_07_10","07.10","Vađenje željeznih ruda"
"l10n_eu_nace.nace_07_2","07.2","Vađenje ruda obojenih metala"
"l10n_eu_nace.nace_07_21","07.21","Vađenje uranovih i torijevih ruda"
"l10n_eu_nace.nace_07_29","07.29","Vađenje ostalih ruda obojenih metala"
"l10n_eu_nace.nace_08","08","Ostalo rudarstvo i vađenje"
"l10n_eu_nace.nace_08_1","08.1","Vađenje kamena, pijeska i gline"
"l10n_eu_nace.nace_08_11","08.11","Vađenje ukrasnoga kamena i kamena za gradnju, vapnenca, gipsa, krede i škriljevca "
"l10n_eu_nace.nace_08_12","08.12","Djelatnosti šljunčara i pješčara; vađenje gline i kaolina"
"l10n_eu_nace.nace_08_9","08.9","Rudarstvo i vađenje, d. n."
"l10n_eu_nace.nace_08_91","08.91","Vađenje minerala za kemikalije i gnojiva"
"l10n_eu_nace.nace_08_92","08.92","Vađenje treseta"
"l10n_eu_nace.nace_08_93","08.93","Vađenje soli"
"l10n_eu_nace.nace_08_99","08.99","Vađenje ostalih ruda i kamena, d. n."
"l10n_eu_nace.nace_09","09","Pomoćne uslužne djelatnosti u rudarstvu"
"l10n_eu_nace.nace_09_1","09.1","Pomoćne djelatnosti za vađenje nafte i prirodnog plina"
"l10n_eu_nace.nace_09_10","09.10","Pomoćne djelatnosti za vađenje nafte i prirodnog plina"
"l10n_eu_nace.nace_09_9","09.9","Pomoćne djelatnosti za ostalo rudarstvo i vađenje"
"l10n_eu_nace.nace_09_90","09.90","Pomoćne djelatnosti za ostalo rudarstvo i vađenje"
"l10n_eu_nace.nace_C","C","PRERAĐIVAČKA INDUSTRIJA"
"l10n_eu_nace.nace_10","10","Proizvodnja prehrambenih proizvoda"
"l10n_eu_nace.nace_10_1","10.1","Prerada i konzerviranje mesa i proizvodnja mesnih proizvoda"
"l10n_eu_nace.nace_10_11","10.11","Prerada i konzerviranje mesa"
"l10n_eu_nace.nace_10_12","10.12","Prerada i konzerviranje mesa peradi"
"l10n_eu_nace.nace_10_13","10.13","Proizvodnja proizvoda od mesa i mesa peradi"
"l10n_eu_nace.nace_10_2","10.2","Prerada i konzerviranje riba, rakova i školjki "
"l10n_eu_nace.nace_10_20","10.20","Prerada i konzerviranje riba, rakova i školjki "
"l10n_eu_nace.nace_10_3","10.3","Prerada i konzerviranje voća i povrća"
"l10n_eu_nace.nace_10_31","10.31","Prerada i konzerviranje krumpira"
"l10n_eu_nace.nace_10_32","10.32","Proizvodnja sokova od voća i povrća"
"l10n_eu_nace.nace_10_39","10.39","Ostala prerada i konzerviranje voća i povrća"
"l10n_eu_nace.nace_10_4","10.4","Proizvodnja biljnih i životinjskih ulja i masti"
"l10n_eu_nace.nace_10_41","10.41","Proizvodnja ulja i masti"
"l10n_eu_nace.nace_10_42","10.42","Proizvodnja margarina i sličnih jestivih masti"
"l10n_eu_nace.nace_10_5","10.5","Proizvodnja mliječnih proizvoda"
"l10n_eu_nace.nace_10_51","10.51","Djelatnosti mljekara i proizvođača sira"
"l10n_eu_nace.nace_10_52","10.52","Proizvodnja sladoleda"
"l10n_eu_nace.nace_10_6","10.6","Proizvodnja mlinskih proizvoda, škroba i škrobnih proizovoda "
"l10n_eu_nace.nace_10_61","10.61","Proizvodnja mlinskih proizvoda"
"l10n_eu_nace.nace_10_62","10.62","Proizvodnja škroba i škrobnih proizvoda"
"l10n_eu_nace.nace_10_7","10.7","Proizvodnja pekarskih i brašneno-konditorskih proizvoda"
"l10n_eu_nace.nace_10_71","10.71","Proizvodnja kruha; proizvodnja svježih peciva, slastičarskih proizvoda i kolača"
"l10n_eu_nace.nace_10_72","10.72","Proizvodnja dvopeka, keksa i srodnih proizvoda; proizvodnja trajnih peciva, slastičarskih proizvoda i kolača"
"l10n_eu_nace.nace_10_73","10.73","Proizvodnja makarona, njoka, kuskusa i slične tjestenine"
"l10n_eu_nace.nace_10_8","10.8","Proizvodnja ostalih prehrambenih proizvoda"
"l10n_eu_nace.nace_10_81","10.81","Proizvodnja šećera"
"l10n_eu_nace.nace_10_82","10.82","Proizvodnja kakao, čokoladnih i bombonskih proizvoda"
"l10n_eu_nace.nace_10_83","10.83","Prerada čaja i kave"
"l10n_eu_nace.nace_10_84","10.84","Proizvodnja začina i drugih dodataka hrani"
"l10n_eu_nace.nace_10_85","10.85","Proizvodnja gotove hrane i jela"
"l10n_eu_nace.nace_10_86","10.86","Proizvodnja homogeniziranih prehrambenih pripravaka i dijetetske hrane"
"l10n_eu_nace.nace_10_89","10.89","Proizvodnja ostalih prehrambenih proizvoda, d. n. "
"l10n_eu_nace.nace_10_9","10.9","Proizvodnja pripremljene hrane za životinje"
"l10n_eu_nace.nace_10_91","10.91","Proizvodnja pripremljene stočne hrane"
"l10n_eu_nace.nace_10_92","10.92","Proizvodnja pripremljene hrane za kućne ljubimce"
"l10n_eu_nace.nace_11","11","Proizvodnja pića"
"l10n_eu_nace.nace_11_0","11.0","Proizvodnja pića"
"l10n_eu_nace.nace_11_01","11.01","Destiliranje, pročišćavanje i miješanje alkoholnih pića"
"l10n_eu_nace.nace_11_02","11.02","Proizvodnja vina od grožđa"
"l10n_eu_nace.nace_11_03","11.03","Proizvodnja jabukovače i ostalih voćnih vina"
"l10n_eu_nace.nace_11_04","11.04","Proizvodnja ostalih nedestiliranih fermentiranih pića"
"l10n_eu_nace.nace_11_05","11.05","Proizvodnja piva"
"l10n_eu_nace.nace_11_06","11.06","Proizvodnja slada"
"l10n_eu_nace.nace_11_07","11.07","Proizvodnja osvježavajućih napitaka; proizvodnja mineralne i drugih flaširanih voda"
"l10n_eu_nace.nace_12","12","Proizvodnja duhanskih proizvoda"
"l10n_eu_nace.nace_12_0","12.0","Proizvodnja duhanskih proizvoda"
"l10n_eu_nace.nace_12_00","12.00","Proizvodnja duhanskih proizvoda"
"l10n_eu_nace.nace_13","13","Proizvodnja tekstila"
"l10n_eu_nace.nace_13_1","13.1","Priprema i predenje tekstilnih vlakana"
"l10n_eu_nace.nace_13_10","13.10","Priprema i predenje tekstilnih vlakana"
"l10n_eu_nace.nace_13_2","13.2","Tkanje tekstila"
"l10n_eu_nace.nace_13_20","13.20","Tkanje tekstila"
"l10n_eu_nace.nace_13_3","13.3","Dovršavanje tekstila"
"l10n_eu_nace.nace_13_30","13.30","Dovršavanje tekstila"
"l10n_eu_nace.nace_13_9","13.9","Proizvodnja ostalog tekstila"
"l10n_eu_nace.nace_13_91","13.91","Proizvodnja pletenih i kukičanih tkanina"
"l10n_eu_nace.nace_13_92","13.92","Proizvodnja gotovih tekstilnih proizvoda, osim odjeće"
"l10n_eu_nace.nace_13_93","13.93","Proizvodnja tepiha i sagova "
"l10n_eu_nace.nace_13_94","13.94","Proizvodnja užadi, konopaca, upletenoga konca i mreža"
"l10n_eu_nace.nace_13_95","13.95","Proizvodnja netkanog tekstila i proizvoda od netkanog tekstila, osim odjeće"
"l10n_eu_nace.nace_13_96","13.96","Proizvodnja ostaloga tehničkog i industrijskog tekstila"
"l10n_eu_nace.nace_13_99","13.99","Proizvodnja ostalog tekstila, d. n."
"l10n_eu_nace.nace_14","14","Proizvodnja odjeće"
"l10n_eu_nace.nace_14_1","14.1","Proizvodnja odjeće, osim krznene odjeće"
"l10n_eu_nace.nace_14_11","14.11","Proizvodnja kožne odjeće"
"l10n_eu_nace.nace_14_12","14.12","Proizvodnja radne odjeće "
"l10n_eu_nace.nace_14_13","14.13","Proizvodnja ostale vanjske odjeće"
"l10n_eu_nace.nace_14_14","14.14","Proizvodnja rublja"
"l10n_eu_nace.nace_14_19","14.19","Proizvodnja ostale odjeće i pribora za odjeću "
"l10n_eu_nace.nace_14_2","14.2","Proizvodnja proizvoda od krzna"
"l10n_eu_nace.nace_14_20","14.20","Proizvodnja proizvoda od krzna"
"l10n_eu_nace.nace_14_3","14.3","Proizvodnja pletene i kukičane odjeće"
"l10n_eu_nace.nace_14_31","14.31","Proizvodnja pletenih i kukičanih čarapa"
"l10n_eu_nace.nace_14_39","14.39","Proizvodnja ostale pletene i kukičane odjeće"
"l10n_eu_nace.nace_15","15","Proizvodnja kože i srodnih proizvoda"
"l10n_eu_nace.nace_15_1","15.1","Štavljenje i obrada kože; proizvodnja putnih i ručnih torba, sedlarskih i remenarskih proizvoda; dorada i bojenje krzna"
"l10n_eu_nace.nace_15_11","15.11","Štavljenje i obrada kože; dorada i bojenje krzna"
"l10n_eu_nace.nace_15_12","15.12","Proizvodnja putnih i ručnih torba i slično, sedlarskih i remenarskih proizvoda"
"l10n_eu_nace.nace_15_2","15.2","Proizvodnja obuće"
"l10n_eu_nace.nace_15_20","15.20","Proizvodnja obuće"
"l10n_eu_nace.nace_16","16","Prerada drva i proizvoda od drva i pluta, osim namještaja; proizvodnja proizvoda od slame i pletarskih materijala"
"l10n_eu_nace.nace_16_1","16.1","Piljenje i blanjanje drva"
"l10n_eu_nace.nace_16_10","16.10","Piljenje i blanjanje drva"
"l10n_eu_nace.nace_16_2","16.2","Proizvodnja proizvoda od drva, pluta, slame i pletarskih materijala"
"l10n_eu_nace.nace_16_21","16.21","Proizvodnja furnira i ostalih ploča od drva"
"l10n_eu_nace.nace_16_22","16.22","Proizvodnja sastavljenog parketa"
"l10n_eu_nace.nace_16_23","16.23","Proizvodnja ostale građevne stolarije i elemenata"
"l10n_eu_nace.nace_16_24","16.24","Proizvodnja ambalaže od drva"
"l10n_eu_nace.nace_16_29","16.29","Proizvodnja ostalih proizvoda od drva, proizvoda od pluta, slame i pletarskih materijala"
"l10n_eu_nace.nace_17","17","Proizvodnja papira i proizvoda od papira"
"l10n_eu_nace.nace_17_1","17.1","Proizvodnja celuloze, papira i kartona"
"l10n_eu_nace.nace_17_11","17.11","Proizvodnja celuloze"
"l10n_eu_nace.nace_17_12","17.12","Proizvodnja papira i kartona"
"l10n_eu_nace.nace_17_2","17.2","Proizvodnja proizvoda od papira i kartona"
"l10n_eu_nace.nace_17_21","17.21","Proizvodnja valovitog papira i kartona te ambalaže od papira i kartona"
"l10n_eu_nace.nace_17_22","17.22","Proizvodnja robe za kućanstvo i higijenu te toaletnih potrepština od papira"
"l10n_eu_nace.nace_17_23","17.23","Proizvodnja uredskog materijala od papira"
"l10n_eu_nace.nace_17_24","17.24","Proizvodnja zidnih tapeta"
"l10n_eu_nace.nace_17_29","17.29","Proizvodnja ostalih proizvoda od papira i kartona"
"l10n_eu_nace.nace_18","18","Tiskanje i umnožavanje snimljenih zapisa"
"l10n_eu_nace.nace_18_1","18.1","Tiskanje i uslužne djelatnosti povezane s tiskanjem"
"l10n_eu_nace.nace_18_11","18.11","Tiskanje novina"
"l10n_eu_nace.nace_18_12","18.12","Ostalo tiskanje "
"l10n_eu_nace.nace_18_13","18.13","Usluge pripreme za tisak i objavljivanje"
"l10n_eu_nace.nace_18_14","18.14","Knjigoveške i srodne usluge "
"l10n_eu_nace.nace_18_2","18.2","Umnožavanje snimljenih zapisa"
"l10n_eu_nace.nace_18_20","18.20","Umnožavanje snimljenih zapisa"
"l10n_eu_nace.nace_19","19","Proizvodnja koksa i rafiniranih naftnih proizvoda"
"l10n_eu_nace.nace_19_1","19.1","Proizvodnja proizvoda koksnih peći"
"l10n_eu_nace.nace_19_10","19.10","Proizvodnja proizvoda koksnih peći"
"l10n_eu_nace.nace_19_2","19.2","Proizvodnja rafiniranih naftnih proizvoda"
"l10n_eu_nace.nace_19_20","19.20","Proizvodnja rafiniranih naftnih proizvoda"
"l10n_eu_nace.nace_20","20","Proizvodnja kemikalija i kemijskih proizvoda"
"l10n_eu_nace.nace_20_1","20.1","Proizvodnja osnovnih kemikalija, gnojiva i dušičnih spojeva, plastike i sintetičkoga kaučuka u primarnim oblicima"
"l10n_eu_nace.nace_20_11","20.11","Proizvodnja industrijskih plinova"
"l10n_eu_nace.nace_20_12","20.12","Proizvodnja koloranata i pigmenata"
"l10n_eu_nace.nace_20_13","20.13","Proizvodnja ostalih anorganskih osnovnih kemikalija"
"l10n_eu_nace.nace_20_14","20.14","Proizvodnja ostalih organskih osnovnih kemikalija"
"l10n_eu_nace.nace_20_15","20.15","Proizvodnja gnojiva i dušičnih spojeva"
"l10n_eu_nace.nace_20_16","20.16","Proizvodnja plastike u primarnim oblicima"
"l10n_eu_nace.nace_20_17","20.17","Proizvodnja sintetičkoga kaučuka u primarnim oblicima"
"l10n_eu_nace.nace_20_2","20.2","Proizvodnja pesticida i drugih agrokemijskih proizvoda"
"l10n_eu_nace.nace_20_20","20.20","Proizvodnja pesticida i drugih agrokemijskih proizvoda"
"l10n_eu_nace.nace_20_3","20.3","Proizvodnja boja, lakova i sličnih premaza, grafičkih boja i kitova"
"l10n_eu_nace.nace_20_30","20.30","Proizvodnja boja, lakova i sličnih premaza, grafičkih boja i kitova"
"l10n_eu_nace.nace_20_4","20.4","Proizvodnja sapuna i deterdženata, sredstava za čišćenje i poliranje, parfema i toaletno-kozmetičkih preparata"
"l10n_eu_nace.nace_20_41","20.41","Proizvodnja sapuna i deterdženata, sredstava za čišćenje i poliranje"
"l10n_eu_nace.nace_20_42","20.42","Proizvodnja parfema i toaletno-kozmetičkih preparata"
"l10n_eu_nace.nace_20_5","20.5","Proizvodnja ostalih kemijskih proizvoda"
"l10n_eu_nace.nace_20_51","20.51","Proizvodnja eksploziva"
"l10n_eu_nace.nace_20_52","20.52","Proizvodnja ljepila "
"l10n_eu_nace.nace_20_53","20.53","Proizvodnja eteričnih ulja"
"l10n_eu_nace.nace_20_59","20.59","Proizvodnja ostalih kemijskih proizvoda, d. n. "
"l10n_eu_nace.nace_20_6","20.6","Proizvodnja umjetnih vlakana"
"l10n_eu_nace.nace_20_60","20.60","Proizvodnja umjetnih vlakana"
"l10n_eu_nace.nace_21","21","Proizvodnja osnovnih farmaceutskih proizvoda i farmaceutskih pripravaka"
"l10n_eu_nace.nace_21_1","21.1","Proizvodnja osnovnih farmaceutskih proizvoda"
"l10n_eu_nace.nace_21_10","21.10","Proizvodnja osnovnih farmaceutskih proizvoda"
"l10n_eu_nace.nace_21_2","21.2","Proizvodnja farmaceutskih pripravaka"
"l10n_eu_nace.nace_21_20","21.20","Proizvodnja farmaceutskih pripravaka"
"l10n_eu_nace.nace_22","22","Proizvodnja proizvoda od gume i plastike"
"l10n_eu_nace.nace_22_1","22.1","Proizvodnja proizvoda od gume"
"l10n_eu_nace.nace_22_11","22.11","Proizvodnja vanjskih i unutrašnjih guma za vozila; protektiranje vanjskih guma"
"l10n_eu_nace.nace_22_19","22.19","Proizvodnja ostalih proizvoda od gume"
"l10n_eu_nace.nace_22_2","22.2","Proizvodnja proizvoda od plastike"
"l10n_eu_nace.nace_22_21","22.21","Proizvodnja ploča, listova, cijevi i profila od plastike"
"l10n_eu_nace.nace_22_22","22.22","Proizvodnja ambalaže od plastike"
"l10n_eu_nace.nace_22_23","22.23","Proizvodnja proizvoda od plastike za građevinarstvo"
"l10n_eu_nace.nace_22_29","22.29","Proizvodnja ostalih proizvoda od plastike"
"l10n_eu_nace.nace_23","23","Proizvodnja ostalih nemetalnih mineralnih proizvoda"
"l10n_eu_nace.nace_23_1","23.1","Proizvodnja stakla i proizvoda od stakla"
"l10n_eu_nace.nace_23_11","23.11","Proizvodnja ravnog stakla"
"l10n_eu_nace.nace_23_12","23.12","Oblikovanje i obrada ravnog stakla"
"l10n_eu_nace.nace_23_13","23.13","Proizvodnja šupljeg stakla"
"l10n_eu_nace.nace_23_14","23.14","Proizvodnja staklenih vlakana"
"l10n_eu_nace.nace_23_19","23.19","Proizvodnja i obrada ostalog stakla uključujući tehničku robu od stakla"
"l10n_eu_nace.nace_23_2","23.2","Proizvodnja vatrostalnih proizvoda"
"l10n_eu_nace.nace_23_20","23.20","Proizvodnja vatrostalnih proizvoda"
"l10n_eu_nace.nace_23_3","23.3","Proizvodnja proizvoda od gline za građevinarstvo"
"l10n_eu_nace.nace_23_31","23.31","Proizvodnja keramičkih pločica i ploča"
"l10n_eu_nace.nace_23_32","23.32","Proizvodnja opeke, crijepa i ostalih proizvoda od pečene gline za građevinarstvo"
"l10n_eu_nace.nace_23_4","23.4","Proizvodnja ostalih proizvoda od porculana i keramike"
"l10n_eu_nace.nace_23_41","23.41","Proizvodnja keramičkih proizvoda za kućanstvo i ukrasnih predmeta"
"l10n_eu_nace.nace_23_42","23.42","Proizvodnja sanitarne keramike "
"l10n_eu_nace.nace_23_43","23.43","Proizvodnja keramičkih izolatora i izolacijskog pribora"
"l10n_eu_nace.nace_23_44","23.44","Proizvodnja ostalih tehničkih proizvoda od keramike"
"l10n_eu_nace.nace_23_49","23.49","Proizvodnja ostalih proizvoda od keramike"
"l10n_eu_nace.nace_23_5","23.5","Proizvodnja cementa, vapna i gipsa "
"l10n_eu_nace.nace_23_51","23.51","Proizvodnja cementa"
"l10n_eu_nace.nace_23_52","23.52","Proizvodnja vapna i gipsa "
"l10n_eu_nace.nace_23_6","23.6","Proizvodnja proizvoda od betona, cementa i gipsa "
"l10n_eu_nace.nace_23_61","23.61","Proizvodnja proizvoda od betona za građevinarstvo"
"l10n_eu_nace.nace_23_62","23.62","Proizvodnja proizvoda od gipsa za građevinarstvo"
"l10n_eu_nace.nace_23_63","23.63","Proizvodnja gotove betonske smjese"
"l10n_eu_nace.nace_23_64","23.64","Proizvodnja žbuke"
"l10n_eu_nace.nace_23_65","23.65","Proizvodnja fibro-cementa"
"l10n_eu_nace.nace_23_69","23.69","Proizvodnja ostalih proizvoda od betona, cementa i gipsa "
"l10n_eu_nace.nace_23_7","23.7","Rezanje, oblikovanje i obrada kamena"
"l10n_eu_nace.nace_23_70","23.70","Rezanje, oblikovanje i obrada kamena"
"l10n_eu_nace.nace_23_9","23.9","Proizvodnja brusnih proizvoda i nemetalnih mineralnih proizvoda, d. n."
"l10n_eu_nace.nace_23_91","23.91","Proizvodnja brusnih proizvoda"
"l10n_eu_nace.nace_23_99","23.99","Proizvodnja ostalih nemetalnih mineralnih proizvoda, d. n."
"l10n_eu_nace.nace_24","24","Proizvodnja metala"
"l10n_eu_nace.nace_24_1","24.1","Proizvodnja sirovog željeza, čelika i ferolegura"
"l10n_eu_nace.nace_24_10","24.10","Proizvodnja sirovog željeza, čelika i ferolegura"
"l10n_eu_nace.nace_24_2","24.2","Proizvodnja čeličnih cijevi i pribora"
"l10n_eu_nace.nace_24_20","24.20","Proizvodnja čeličnih cijevi i pribora"
"l10n_eu_nace.nace_24_3","24.3","Proizvodnja ostalih proizvoda primarne prerade čelika"
"l10n_eu_nace.nace_24_31","24.31","Hladno vučenje šipki"
"l10n_eu_nace.nace_24_32","24.32","Hladno valjanje uskih vrpci"
"l10n_eu_nace.nace_24_33","24.33","Hladno oblikovanje i profiliranje "
"l10n_eu_nace.nace_24_34","24.34","Hladno vučenje žice"
"l10n_eu_nace.nace_24_4","24.4","Proizvodnja plemenitih i ostalih obojenih metala"
"l10n_eu_nace.nace_24_41","24.41","Proizvodnja plemenitih metala"
"l10n_eu_nace.nace_24_42","24.42","Proizvodnja aluminija"
"l10n_eu_nace.nace_24_43","24.43","Proizvodnja olova, cinka i kositra"
"l10n_eu_nace.nace_24_44","24.44","Proizvodnja bakra"
"l10n_eu_nace.nace_24_45","24.45","Proizvodnja ostalih obojenih metala"
"l10n_eu_nace.nace_24_46","24.46","Obrada nuklearnoga goriva"
"l10n_eu_nace.nace_24_5","24.5","Lijevanje metala"
"l10n_eu_nace.nace_24_51","24.51","Lijevanje željeza"
"l10n_eu_nace.nace_24_52","24.52","Lijevanje čelika"
"l10n_eu_nace.nace_24_53","24.53","Lijevanje lakih metala"
"l10n_eu_nace.nace_24_54","24.54","Lijevanje ostalih obojenih metala"
"l10n_eu_nace.nace_25","25","Proizvodnja gotovih metalnih proizvoda, osim strojeva i opreme"
"l10n_eu_nace.nace_25_1","25.1","Proizvodnja metalnih konstrukcija"
"l10n_eu_nace.nace_25_11","25.11","Proizvodnja metalnih konstrukcija i njihovih dijelova"
"l10n_eu_nace.nace_25_12","25.12","Proizvodnja vrata i prozora od metala"
"l10n_eu_nace.nace_25_2","25.2","Proizvodnja metalnih cisterni, rezervoara i sličnih posuda "
"l10n_eu_nace.nace_25_21","25.21","Proizvodnja radijatora i kotlova za centralno grijanje"
"l10n_eu_nace.nace_25_29","25.29","Proizvodnja ostalih metalnih cisterni, rezervoara i sličnih posuda "
"l10n_eu_nace.nace_25_3","25.3","Proizvodnja parnih kotlova, osim kotlova za centralno grijanje toplom vodom"
"l10n_eu_nace.nace_25_30","25.30","Proizvodnja parnih kotlova, osim kotlova za centralno grijanje toplom vodom"
"l10n_eu_nace.nace_25_4","25.4","Proizvodnja oružja i streljiva"
"l10n_eu_nace.nace_25_40","25.40","Proizvodnja oružja i streljiva"
"l10n_eu_nace.nace_25_5","25.5","Kovanje, prešanje, štancanje i valjanje metala; metalurgija praha"
"l10n_eu_nace.nace_25_50","25.50","Kovanje, prešanje, štancanje i valjanje metala; metalurgija praha"
"l10n_eu_nace.nace_25_6","25.6","Obrada i prevlačenje metala; strojna obrada metala"
"l10n_eu_nace.nace_25_61","25.61","Obrada i prevlačenje metala"
"l10n_eu_nace.nace_25_62","25.62","Strojna obrada metala"
"l10n_eu_nace.nace_25_7","25.7","Proizvodnja sječiva, alata i opće željezne robe"
"l10n_eu_nace.nace_25_71","25.71","Proizvodnja sječiva"
"l10n_eu_nace.nace_25_72","25.72","Proizvodnja brava i okova"
"l10n_eu_nace.nace_25_73","25.73","Proizvodnja alata"
"l10n_eu_nace.nace_25_9","25.9","Proizvodnja ostalih gotovih proizvoda od metala"
"l10n_eu_nace.nace_25_91","25.91","Proizvodnja čeličnih bačava i sličnih posuda "
"l10n_eu_nace.nace_25_92","25.92","Proizvodnja ambalaže od lakih metala"
"l10n_eu_nace.nace_25_93","25.93","Proizvodnja proizvoda od žice, lanaca i opruga"
"l10n_eu_nace.nace_25_94","25.94","Proizvodnja zakovica i vijčane robe"
"l10n_eu_nace.nace_25_99","25.99","Proizvodnja ostalih gotovih proizvoda od metala, d. n."
"l10n_eu_nace.nace_26","26","Proizvodnja računala te elektroničkih i optičkih proizvoda"
"l10n_eu_nace.nace_26_1","26.1","Proizvodnja elektroničkih komponenata i ploča"
"l10n_eu_nace.nace_26_11","26.11","Proizvodnja elektroničkih komponenata "
"l10n_eu_nace.nace_26_12","26.12","Proizvodnja punih elektroničkih ploča"
"l10n_eu_nace.nace_26_2","26.2","Proizvodnja računala i periferne opreme"
"l10n_eu_nace.nace_26_20","26.20","Proizvodnja računala i periferne opreme"
"l10n_eu_nace.nace_26_3","26.3","Proizvodnja komunikacijske opreme"
"l10n_eu_nace.nace_26_30","26.30","Proizvodnja komunikacijske opreme"
"l10n_eu_nace.nace_26_4","26.4","Proizvodnja elektroničkih uređaja za široku potrošnju"
"l10n_eu_nace.nace_26_40","26.40","Proizvodnja elektroničkih uređaja za široku potrošnju"
"l10n_eu_nace.nace_26_5","26.5","Proizvodnja instrumenata i aparata za mjerenje, ispitivanje i navigaciju; proizvodnja satova "
"l10n_eu_nace.nace_26_51","26.51","Proizvodnja instrumenata i aparata za mjerenje, ispitivanje i navigaciju"
"l10n_eu_nace.nace_26_52","26.52","Proizvodnja satova "
"l10n_eu_nace.nace_26_6","26.6","Proizvodnja opreme za zračenje, elektromedicinske i elektroterapeutske opreme"
"l10n_eu_nace.nace_26_60","26.60","Proizvodnja opreme za zračenje, elektromedicinske i elektroterapeutske opreme"
"l10n_eu_nace.nace_26_7","26.7","Proizvodnja optičkih instrumenata i fotografske opreme"
"l10n_eu_nace.nace_26_70","26.70","Proizvodnja optičkih instrumenata i fotografske opreme"
"l10n_eu_nace.nace_26_8","26.8","Proizvodnja magnetskih i optičkih medija"
"l10n_eu_nace.nace_26_80","26.80","Proizvodnja magnetskih i optičkih medija"
"l10n_eu_nace.nace_27","27","Proizvodnja električne opreme"
"l10n_eu_nace.nace_27_1","27.1","Proizvodnja elektromotora, generatora, transformatora te uređaja za distribuciju i kontrolu električne energije"
"l10n_eu_nace.nace_27_11","27.11","Proizvodnja elektromotora, generatora i transformatora"
"l10n_eu_nace.nace_27_12","27.12","Proizvodnja uređaja za distribuciju i kontrolu električne energije"
"l10n_eu_nace.nace_27_2","27.2","Proizvodnja baterija i akumulatora"
"l10n_eu_nace.nace_27_20","27.20","Proizvodnja baterija i akumulatora"
"l10n_eu_nace.nace_27_3","27.3","Proizvodnja žice i elektroinstalacijskog materijala"
"l10n_eu_nace.nace_27_31","27.31","Proizvodnja kablova od optičkih vlakana"
"l10n_eu_nace.nace_27_32","27.32","Proizvodnja ostalih elektroničkih i električnih žica i kablova"
"l10n_eu_nace.nace_27_33","27.33","Proizvodnja elektroinstalacijskog materijala"
"l10n_eu_nace.nace_27_4","27.4","Proizvodnja električne opreme za rasvjetu"
"l10n_eu_nace.nace_27_40","27.40","Proizvodnja električne opreme za rasvjetu"
"l10n_eu_nace.nace_27_5","27.5","Proizvodnja aparata za kućanstvo"
"l10n_eu_nace.nace_27_51","27.51","Proizvodnja električnih aparata za kućanstvo"
"l10n_eu_nace.nace_27_52","27.52","Proizvodnja neelektričnih aparata za kućanstvo"
"l10n_eu_nace.nace_27_9","27.9","Proizvodnja ostale električne opreme"
"l10n_eu_nace.nace_27_90","27.90","Proizvodnja ostale električne opreme"
"l10n_eu_nace.nace_28","28","Proizvodnja strojeva i uređaja, d. n. "
"l10n_eu_nace.nace_28_1","28.1","Proizvodnja strojeva za opće namjene"
"l10n_eu_nace.nace_28_11","28.11","Proizvodnja motora i turbina, osim motora za zrakoplove i motorna vozila"
"l10n_eu_nace.nace_28_12","28.12","Proizvodnja hidrauličnih pogonskih uređaja"
"l10n_eu_nace.nace_28_13","28.13","Proizvodnja ostalih crpki i kompresora"
"l10n_eu_nace.nace_28_14","28.14","Proizvodnja ostalih slavina i ventila"
"l10n_eu_nace.nace_28_15","28.15","Proizvodnja ležajeva, prijenosnika te prijenosnih i pogonskih elemenata"
"l10n_eu_nace.nace_28_2","28.2","Proizvodnja ostalih strojeva za opće namjene"
"l10n_eu_nace.nace_28_21","28.21","Proizvodnja peći i plamenika"
"l10n_eu_nace.nace_28_22","28.22","Proizvodnja uređaja za dizanje i prenošenje"
"l10n_eu_nace.nace_28_23","28.23","Proizvodnja uredskih strojeva i opreme (osim proizvodnje računala i periferne opreme)"
"l10n_eu_nace.nace_28_24","28.24","Proizvodnja mehaniziranoga ručnog alata"
"l10n_eu_nace.nace_28_25","28.25","Proizvodnja rashladne i ventilacijske opreme, osim za kućanstvo"
"l10n_eu_nace.nace_28_29","28.29","Proizvodnja ostalih strojeva za opće namjene, d. n."
"l10n_eu_nace.nace_28_3","28.3","Proizvodnja strojeva za poljoprivredu i šumarstvo"
"l10n_eu_nace.nace_28_30","28.30","Proizvodnja strojeva za poljoprivredu i šumarstvo"
"l10n_eu_nace.nace_28_4","28.4","Proizvodnja strojeva za obradu metala i alatnih strojeva"
"l10n_eu_nace.nace_28_41","28.41","Proizvodnja strojeva za obradu metala"
"l10n_eu_nace.nace_28_49","28.49","Proizvodnja ostalih alatnih strojeva"
"l10n_eu_nace.nace_28_9","28.9","Proizvodnja ostalih strojeva za posebne namjene"
"l10n_eu_nace.nace_28_91","28.91","Proizvodnja strojeva za metalurgiju"
"l10n_eu_nace.nace_28_92","28.92","Proizvodnja strojeva za rudnike, kamenolome i građevinarstvo"
"l10n_eu_nace.nace_28_93","28.93","Proizvodnja strojeva za industriju hrane, pića i duhana"
"l10n_eu_nace.nace_28_94","28.94","Proizvodnja strojeva za industriju tekstila, odjeće i kože"
"l10n_eu_nace.nace_28_95","28.95","Proizvodnja strojeva za industriju papira i kartona"
"l10n_eu_nace.nace_28_96","28.96","Proizvodnja strojeva za plastiku i gumu"
"l10n_eu_nace.nace_28_99","28.99","Proizvodnja ostalih strojeva za posebne namjene, d. n."
"l10n_eu_nace.nace_29","29","Proizvodnja motornih vozila, prikolica i poluprikolica"
"l10n_eu_nace.nace_29_1","29.1","Proizvodnja motornih vozila"
"l10n_eu_nace.nace_29_10","29.10","Proizvodnja motornih vozila"
"l10n_eu_nace.nace_29_2","29.2","Proizvodnja karoserija za motorna vozila, prikolica i poluprikolica"
"l10n_eu_nace.nace_29_20","29.20","Proizvodnja karoserija za motorna vozila, prikolica i poluprikolica"
"l10n_eu_nace.nace_29_3","29.3","Proizvodnja dijelova i pribora za motorna vozila "
"l10n_eu_nace.nace_29_31","29.31","Proizvodnja električne i elektroničke opreme za motorna vozila "
"l10n_eu_nace.nace_29_32","29.32","Proizvodnja ostalih dijelova i pribora za motorna vozila "
"l10n_eu_nace.nace_30","30","Proizvodnja ostalih prijevoznih sredstava"
"l10n_eu_nace.nace_30_1","30.1","Gradnja brodova i čamaca"
"l10n_eu_nace.nace_30_11","30.11","Gradnja brodova i plutajućih objekata"
"l10n_eu_nace.nace_30_12","30.12","Gradnja čamaca za razonodu i sportskih čamaca"
"l10n_eu_nace.nace_30_2","30.2","Proizvodnja željezničkih lokomotiva i tračničkih vozila"
"l10n_eu_nace.nace_30_20","30.20","Proizvodnja željezničkih lokomotiva i tračničkih vozila"
"l10n_eu_nace.nace_30_3","30.3","Proizvodnja zrakoplova i svemirskih letjelica te srodnih prijevoznih sredstava i opreme"
"l10n_eu_nace.nace_30_30","30.30","Proizvodnja zrakoplova i svemirskih letjelica te srodnih prijevoznih sredstava i opreme"
"l10n_eu_nace.nace_30_4","30.4","Proizvodnja vojnih borbenih vozila"
"l10n_eu_nace.nace_30_40","30.40","Proizvodnja vojnih borbenih vozila"
"l10n_eu_nace.nace_30_9","30.9","Proizvodnja prijevoznih sredstava, d. n."
"l10n_eu_nace.nace_30_91","30.91","Proizvodnja motocikala"
"l10n_eu_nace.nace_30_92","30.92","Proizvodnja bicikala i invalidskih kolica"
"l10n_eu_nace.nace_30_99","30.99","Proizvodnja ostalih prijevoznih sredstava, d. n. "
"l10n_eu_nace.nace_31","31","Proizvodnja namještaja"
"l10n_eu_nace.nace_31_0","31.0","Proizvodnja namještaja"
"l10n_eu_nace.nace_31_01","31.01","Proizvodnja namještaja za poslovne i prodajne prostore"
"l10n_eu_nace.nace_31_02","31.02","Proizvodnja kuhinjskog namještaja"
"l10n_eu_nace.nace_31_03","31.03","Proizvodnja madraca"
"l10n_eu_nace.nace_31_09","31.09","Proizvodnja ostalog namještaja"
"l10n_eu_nace.nace_32","32","Ostala prerađivačka industrija"
"l10n_eu_nace.nace_32_1","32.1","Proizvodnja nakita, imitacije nakita (bižuterije) i srodnih proizvoda"
"l10n_eu_nace.nace_32_11","32.11","Proizvodnja novca"
"l10n_eu_nace.nace_32_12","32.12","Proizvodnja nakita i srodnih proizvoda"
"l10n_eu_nace.nace_32_13","32.13","Proizvodnja imitacije nakita (bižuterije) i srodnih proizvoda"
"l10n_eu_nace.nace_32_2","32.2","Proizvodnja glazbenih instrumenata"
"l10n_eu_nace.nace_32_20","32.20","Proizvodnja glazbenih instrumenata"
"l10n_eu_nace.nace_32_3","32.3","Proizvodnja sportske opreme"
"l10n_eu_nace.nace_32_30","32.30","Proizvodnja sportske opreme"
"l10n_eu_nace.nace_32_4","32.4","Proizvodnja igara i igračaka"
"l10n_eu_nace.nace_32_40","32.40","Proizvodnja igara i igračaka"
"l10n_eu_nace.nace_32_5","32.5","Proizvodnja medicinskih i stomatoloških instrumenata i pribora"
"l10n_eu_nace.nace_32_50","32.50","Proizvodnja medicinskih i stomatoloških instrumenata i pribora"
"l10n_eu_nace.nace_32_9","32.9","Prerađivačka industrija, d. n."
"l10n_eu_nace.nace_32_91","32.91","Proizvodnja metla i četaka"
"l10n_eu_nace.nace_32_99","32.99","Ostala prerađivačka industrija, d. n. "
"l10n_eu_nace.nace_33","33","Popravak i instaliranje strojeva i opreme"
"l10n_eu_nace.nace_33_1","33.1","Popravak proizvoda od metala, strojeva i opreme"
"l10n_eu_nace.nace_33_11","33.11","Popravak proizvoda od metala"
"l10n_eu_nace.nace_33_12","33.12","Popravak strojeva"
"l10n_eu_nace.nace_33_13","33.13","Popravak elektroničke i optičke opreme"
"l10n_eu_nace.nace_33_14","33.14","Popravak električne opreme"
"l10n_eu_nace.nace_33_15","33.15","Popravak i održavanje brodova i čamaca"
"l10n_eu_nace.nace_33_16","33.16","Popravak i održavanje zrakoplova i svemirskih letjelica"
"l10n_eu_nace.nace_33_17","33.17","Popravak i održavanje ostalih prijevoznih sredstava"
"l10n_eu_nace.nace_33_19","33.19","Popravak ostale opreme"
"l10n_eu_nace.nace_33_2","33.2","Instaliranje industrijskih strojeva i opreme"
"l10n_eu_nace.nace_33_20","33.20","Instaliranje industrijskih strojeva i opreme"
"l10n_eu_nace.nace_D","D","OPSKRBA ELEKTRIČNOM ENERGIJOM, PLINOM, PAROM I KLIMATIZACIJA"
"l10n_eu_nace.nace_35","35","Opskrba električnom energijom, plinom, parom i klimatizacija"
"l10n_eu_nace.nace_35_1","35.1","Proizvodnja, prijenos i distribucija električne energije"
"l10n_eu_nace.nace_35_11","35.11","Proizvodnja električne energije"
"l10n_eu_nace.nace_35_12","35.12","Prijenos električne energije"
"l10n_eu_nace.nace_35_13","35.13","Distribucija električne energije"
"l10n_eu_nace.nace_35_14","35.14","Trgovina električnom energijom"
"l10n_eu_nace.nace_35_2","35.2","Proizvodnja plina; distribucija plinovitih goriva distribucijskom mrežom"
"l10n_eu_nace.nace_35_21","35.21","Proizvodnja plina"
"l10n_eu_nace.nace_35_22","35.22","Distribucija plinovitih goriva distribucijskom mrežom"
"l10n_eu_nace.nace_35_23","35.23","Trgovina plinom distribucijskom mrežom"
"l10n_eu_nace.nace_35_3","35.3","Opskrba parom i klimatizacija"
"l10n_eu_nace.nace_35_30","35.30","Opskrba parom i klimatizacija"
"l10n_eu_nace.nace_E","E","OPSKRBA VODOM; UKLANJANJE OTPADNIH VODA, GOSPODARENJE OTPADOM TE DJELATNOSTI SANACIJE OKOLIŠA"
"l10n_eu_nace.nace_36","36","Skupljanje, pročišćavanje i opskrba vodom"
"l10n_eu_nace.nace_36_0","36.0","Skupljanje, pročišćavanje i opskrba vodom"
"l10n_eu_nace.nace_36_00","36.00","Skupljanje, pročišćavanje i opskrba vodom"
"l10n_eu_nace.nace_37","37","Uklanjanje otpadnih voda"
"l10n_eu_nace.nace_37_0","37.0","Uklanjanje otpadnih voda"
"l10n_eu_nace.nace_37_00","37.00","Uklanjanje otpadnih voda"
"l10n_eu_nace.nace_38","38","Skupljanje otpada, djelatnosti obrade i zbrinjavanja otpada; oporaba materijala"
"l10n_eu_nace.nace_38_1","38.1","Skupljanje otpada"
"l10n_eu_nace.nace_38_11","38.11","Skupljanje neopasnog otpada"
"l10n_eu_nace.nace_38_12","38.12","Skupljanje opasnog otpada"
"l10n_eu_nace.nace_38_2","38.2","Obrada i zbrinjavanje otpada"
"l10n_eu_nace.nace_38_21","38.21","Obrada i zbrinjavanje neopasnog otpada"
"l10n_eu_nace.nace_38_22","38.22","Obrada i zbrinjavanje opasnog otpada"
"l10n_eu_nace.nace_38_3","38.3","Oporaba materijala"
"l10n_eu_nace.nace_38_31","38.31","Rastavljanje olupina"
"l10n_eu_nace.nace_38_32","38.32","Oporaba posebno izdvojenih materijala"
"l10n_eu_nace.nace_39","39","Djelatnosti sanacije okoliša te ostale djelatnosti gospodarenja otpadom"
"l10n_eu_nace.nace_39_0","39.0","Djelatnosti sanacije okoliša te ostale djelatnosti gospodarenja otpadom"
"l10n_eu_nace.nace_39_00","39.00","Djelatnosti sanacije okoliša te ostale djelatnosti gospodarenja otpadom"
"l10n_eu_nace.nace_F","F","GRAĐEVINARSTVO"
"l10n_eu_nace.nace_41","41","Gradnja zgrada"
"l10n_eu_nace.nace_41_1","41.1","Organizacija izvedbe projekata za zgrade"
"l10n_eu_nace.nace_41_10","41.10","Organizacija izvedbe projekata za zgrade"
"l10n_eu_nace.nace_41_2","41.2","Gradnja stambenih i nestambenih zgrada"
"l10n_eu_nace.nace_41_20","41.20","Gradnja stambenih i nestambenih zgrada"
"l10n_eu_nace.nace_42","42","Gradnja građevina niskogradnje"
"l10n_eu_nace.nace_42_1","42.1","Gradnja cesta i željezničkih pruga"
"l10n_eu_nace.nace_42_11","42.11","Gradnja cesta i autocesta"
"l10n_eu_nace.nace_42_12","42.12","Gradnja željezničkih pruga i podzemnih željeznica"
"l10n_eu_nace.nace_42_13","42.13","Gradnja mostova i tunela"
"l10n_eu_nace.nace_42_2","42.2","Gradnja cjevovoda, vodova za električnu struju i telekomunikacije"
"l10n_eu_nace.nace_42_21","42.21","Gradnja cjevovoda za tekućine i plinove"
"l10n_eu_nace.nace_42_22","42.22","Gradnja vodova za električnu struju i telekomunikacije"
"l10n_eu_nace.nace_42_9","42.9","Gradnja ostalih građevina niskogradnje"
"l10n_eu_nace.nace_42_91","42.91","Gradnja vodnih građevina"
"l10n_eu_nace.nace_42_99","42.99","Gradnja ostalih građevina niskogradnje, d. n."
"l10n_eu_nace.nace_43","43","Specijalizirane građevinske djelatnosti"
"l10n_eu_nace.nace_43_1","43.1","Uklanjanje građevina i pripremni radovi na gradilištu"
"l10n_eu_nace.nace_43_11","43.11","Uklanjanje građevina"
"l10n_eu_nace.nace_43_12","43.12","Pripremni radovi na gradilištu"
"l10n_eu_nace.nace_43_13","43.13","Pokusno bušenje i sondiranje terena za gradnju"
"l10n_eu_nace.nace_43_2","43.2","Elektroinstalacijski radovi, uvođenje instalacija vodovoda, kanalizacije i plina i ostali građevinski instalacijski radovi "
"l10n_eu_nace.nace_43_21","43.21","Elektroinstalacijski radovi"
"l10n_eu_nace.nace_43_22","43.22","Uvođenje instalacija vodovoda, kanalizacije i plina i instalacija za grijanje i klimatizaciju"
"l10n_eu_nace.nace_43_29","43.29","Ostali građevinski instalacijski radovi"
"l10n_eu_nace.nace_43_3","43.3","Završni građevinski radovi"
"l10n_eu_nace.nace_43_31","43.31","Fasadni i štukaturski radovi"
"l10n_eu_nace.nace_43_32","43.32","Ugradnja stolarije"
"l10n_eu_nace.nace_43_33","43.33","Postavljanje podnih i zidnih obloga"
"l10n_eu_nace.nace_43_34","43.34","Soboslikarski i staklarski radovi"
"l10n_eu_nace.nace_43_39","43.39","Ostali završni građevinski radovi"
"l10n_eu_nace.nace_43_9","43.9","Ostale specijalizirane građevinske djelatnosti"
"l10n_eu_nace.nace_43_91","43.91","Radovi na krovištu"
"l10n_eu_nace.nace_43_99","43.99","Ostale specijalizirane građevinske djelatnosti, d. n."
"l10n_eu_nace.nace_G","G","TRGOVINA NA VELIKO I NA MALO; POPRAVAK MOTORNIH VOZILA I MOTOCIKALA"
"l10n_eu_nace.nace_45","45","Trgovina na veliko i na malo motornim vozilima i motociklima; popravak motornih vozila i motocikala"
"l10n_eu_nace.nace_45_1","45.1","Trgovina motornim vozilima"
"l10n_eu_nace.nace_45_11","45.11","Trgovina automobilima i motornim vozilima lake kategorije "
"l10n_eu_nace.nace_45_19","45.19","Trgovina ostalim motornim vozilima"
"l10n_eu_nace.nace_45_2","45.2","Održavanje i popravak motornih vozila"
"l10n_eu_nace.nace_45_20","45.20","Održavanje i popravak motornih vozila"
"l10n_eu_nace.nace_45_3","45.3","Trgovina dijelovima i priborom za motorna vozila"
"l10n_eu_nace.nace_45_31","45.31","Trgovina na veliko dijelovima i priborom za motorna vozila "
"l10n_eu_nace.nace_45_32","45.32","Trgovina na malo dijelovima i priborom za motorna vozila"
"l10n_eu_nace.nace_45_4","45.4","Trgovina motociklima, dijelovima i priborom za motocikle te održavanje i popravak motocikala"
"l10n_eu_nace.nace_45_40","45.40","Trgovina motociklima, dijelovima i priborom za motocikle te održavanje i popravak motocikala"
"l10n_eu_nace.nace_46","46","Trgovina na veliko, osim trgovine motornim vozilima i motociklima"
"l10n_eu_nace.nace_46_1","46.1","Trgovina na veliko uz naplatu ili na osnovi ugovora"
"l10n_eu_nace.nace_46_11","46.11","Posredovanje u trgovini poljoprivrednim sirovinama, živom stokom, tekstilnim sirovinama i poluproizvodima"
"l10n_eu_nace.nace_46_12","46.12","Posredovanje u trgovini gorivima, rudama, metalima i industrijskim kemijskim proizvodima"
"l10n_eu_nace.nace_46_13","46.13","Posredovanje u trgovini drvom i građevinskim materijalom"
"l10n_eu_nace.nace_46_14","46.14","Posredovanje u trgovini strojevima, industrijskom opremom, brodovima i zrakoplovima"
"l10n_eu_nace.nace_46_15","46.15","Posredovanje u trgovini namještajem, proizvodima za kućanstvo i željeznom robom"
"l10n_eu_nace.nace_46_16","46.16","Posredovanje u trgovini tekstilom, odjećom, krznom, obućom i kožnim proizvodima"
"l10n_eu_nace.nace_46_17","46.17","Posredovanje u trgovini hranom, pićima i duhanom"
"l10n_eu_nace.nace_46_18","46.18","Posredovanje u trgovini specijaliziranoj za određene proizvode "
"l10n_eu_nace.nace_46_19","46.19","Posredovanje u trgovini raznovrsnim proizvodima"
"l10n_eu_nace.nace_46_2","46.2","Trgovina na veliko poljoprivrednim sirovinama i živom stokom"
"l10n_eu_nace.nace_46_21","46.21","Trgovina na veliko žitaricama, sirovim duhanom, sjemenjem i stočnom hranom"
"l10n_eu_nace.nace_46_22","46.22","Trgovina na veliko cvijećem i sadnicama"
"l10n_eu_nace.nace_46_23","46.23","Trgovina na veliko živom stokom"
"l10n_eu_nace.nace_46_24","46.24","Trgovina na veliko sirovim i štavljenim kožama"
"l10n_eu_nace.nace_46_3","46.3","Trgovina na veliko hranom, pićima i duhanom"
"l10n_eu_nace.nace_46_31","46.31","Trgovina na veliko voćem i povrćem"
"l10n_eu_nace.nace_46_32","46.32","Trgovina na veliko mesom i mesnim proizvodima"
"l10n_eu_nace.nace_46_33","46.33","Trgovina na veliko mlijekom, mliječnim proizvodima, jajima, jestivim uljima i mastima"
"l10n_eu_nace.nace_46_34","46.34","Trgovina na veliko pićima"
"l10n_eu_nace.nace_46_35","46.35","Trgovina na veliko duhanskim proizvodima"
"l10n_eu_nace.nace_46_36","46.36","Trgovina na veliko šećerom, čokoladom i bombonima"
"l10n_eu_nace.nace_46_37","46.37","Trgovina na veliko kavom, čajem, kakaom i začinima"
"l10n_eu_nace.nace_46_38","46.38","Trgovina na veliko ostalom hranom uključujući ribe, rakove i školjke"
"l10n_eu_nace.nace_46_39","46.39","Nespecijalizirana trgovina na veliko hranom, pićima i duhanskim proizvodima"
"l10n_eu_nace.nace_46_4","46.4","Trgovina na veliko proizvodima za kućanstvo"
"l10n_eu_nace.nace_46_41","46.41","Trgovina na veliko tekstilom"
"l10n_eu_nace.nace_46_42","46.42","Trgovina na veliko odjećom i obućom"
"l10n_eu_nace.nace_46_43","46.43","Trgovina na veliko električnim aparatima za kućanstvo"
"l10n_eu_nace.nace_46_44","46.44","Trgovina na veliko porculanom, staklom i sredstvima za čišćenje"
"l10n_eu_nace.nace_46_45","46.45","Trgovina na veliko parfemima i kozmetikom"
"l10n_eu_nace.nace_46_46","46.46","Trgovina na veliko farmaceutskim proizvodima"
"l10n_eu_nace.nace_46_47","46.47","Trgovina na veliko namještajem, sagovima i opremom za rasvjetu"
"l10n_eu_nace.nace_46_48","46.48","Trgovina na veliko satovima i nakitom"
"l10n_eu_nace.nace_46_49","46.49","Trgovina na veliko ostalim proizvodima za kućanstvo"
"l10n_eu_nace.nace_46_5","46.5","Trgovina na veliko informacijsko-komunikacijskom opremom
"
"l10n_eu_nace.nace_46_51","46.51","Trgovina na veliko računalima, perifernom opremom i softverom"
"l10n_eu_nace.nace_46_52","46.52","Trgovina na veliko elektroničkim i telekomunikacijskim dijelovima i opremom"
"l10n_eu_nace.nace_46_6","46.6","Trgovina na veliko ostalim strojevima, opremom i priborom"
"l10n_eu_nace.nace_46_61","46.61","Trgovina na veliko poljoprivrednim strojevima, opremom i priborom"
"l10n_eu_nace.nace_46_62","46.62","Trgovina na veliko alatnim strojevima"
"l10n_eu_nace.nace_46_63","46.63","Trgovina na veliko strojevima za rudnike i građevinarstvo"
"l10n_eu_nace.nace_46_64","46.64","Trgovina na veliko strojevima za tekstilnu industriju te strojevima za šivanje i pletenje"
"l10n_eu_nace.nace_46_65","46.65","Trgovina na veliko uredskim namještajem"
"l10n_eu_nace.nace_46_66","46.66","Trgovina na veliko ostalim uredskim strojevima i opremom"
"l10n_eu_nace.nace_46_69","46.69","Trgovina na veliko ostalim strojevima i opremom"
"l10n_eu_nace.nace_46_7","46.7","Ostala specijalizirana trgovina na veliko"
"l10n_eu_nace.nace_46_71","46.71","Trgovina na veliko krutim, tekućim i plinovitim gorivima i srodnim proizvodima"
"l10n_eu_nace.nace_46_72","46.72","Trgovina na veliko metalima i metalnim rudama"
"l10n_eu_nace.nace_46_73","46.73","Trgovina na veliko drvom, građevinskim materijalom i sanitarnom opremom"
"l10n_eu_nace.nace_46_74","46.74","Trgovina na veliko željeznom robom, instalacijskim materijalom i opremom za vodovod i grijanje"
"l10n_eu_nace.nace_46_75","46.75","Trgovina na veliko kemijskim proizvodima"
"l10n_eu_nace.nace_46_76","46.76","Trgovina na veliko ostalim poluproizvodima"
"l10n_eu_nace.nace_46_77","46.77","Trgovina na veliko ostacima i otpacima"
"l10n_eu_nace.nace_46_9","46.9","Nespecijalizirana trgovina na veliko "
"l10n_eu_nace.nace_46_90","46.90","Nespecijalizirana trgovina na veliko "
"l10n_eu_nace.nace_47","47","Trgovina na malo, osim trgovine motornim vozilima i motociklima"
"l10n_eu_nace.nace_47_1","47.1","Trgovina na malo u nespecijaliziranim prodavaonicama "
"l10n_eu_nace.nace_47_11","47.11","Trgovina na malo u nespecijaliziranim prodavaonicama pretežno hranom, pićima i duhanskim proizvodima "
"l10n_eu_nace.nace_47_19","47.19","Ostala trgovina na malo u nespecijaliziranim prodavaonicama"
"l10n_eu_nace.nace_47_2","47.2","Trgovina na malo hranom, pićima i duhanskim proizvodima u specijaliziranim prodavaonicama"
"l10n_eu_nace.nace_47_21","47.21","Trgovina na malo voćem i povrćem u specijaliziranim prodavaonicama"
"l10n_eu_nace.nace_47_22","47.22","Trgovina na malo mesom i mesnim proizvodima u specijaliziranim prodavaonicama"
"l10n_eu_nace.nace_47_23","47.23","Trgovina na malo ribama, rakovima i školjkama u
specijaliziranim prodavaonicama"
"l10n_eu_nace.nace_47_24","47.24","Trgovina na malo kruhom, pecivom, kolačima, tjesteninama, bombonima i slatkišima u specijaliziranim prodavaonicama"
"l10n_eu_nace.nace_47_25","47.25","Trgovina na malo pićima u specijaliziranim prodavaonicama"
"l10n_eu_nace.nace_47_26","47.26","Trgovina na malo duhanskim proizvodima u specijaliziranim prodavaonicama"
"l10n_eu_nace.nace_47_29","47.29","Ostala trgovina na malo prehrambenim proizvodima u specijaliziranim prodavaonicama"
"l10n_eu_nace.nace_47_3","47.3","Trgovina na malo motornim gorivima i mazivima u specijaliziranim prodavaonicama"
"l10n_eu_nace.nace_47_30","47.30","Trgovina na malo motornim gorivima i mazivima u specijaliziranim prodavaonicama"
"l10n_eu_nace.nace_47_4","47.4","Trgovina na malo informacijsko-komunikacijskom opremom u specijaliziranim prodavaonicama"
"l10n_eu_nace.nace_47_41","47.41","Trgovina na malo računalima, perifernim jedinicama i softverom u specijaliziranim prodavaonicama"
"l10n_eu_nace.nace_47_42","47.42","Trgovina na malo telekomunikacijskom opremom u specijaliziranim prodavaonicama"
"l10n_eu_nace.nace_47_43","47.43","Trgovina na malo audio i videoopremom u specijaliziranim prodavaonicama"
"l10n_eu_nace.nace_47_5","47.5","Trgovina na malo ostalom opremom za kućanstvo u specijaliziranim prodavaonicama"
"l10n_eu_nace.nace_47_51","47.51","Trgovina na malo tekstilom u specijaliziranim prodavaonicama"
"l10n_eu_nace.nace_47_52","47.52","Trgovina na malo željeznom robom, bojama i staklom u specijaliziranim prodavaonicama"
"l10n_eu_nace.nace_47_53","47.53","Trgovina na malo sagovima i prostiračima za pod, zidnim i podnim oblogama u specijaliziranim prodavaonicama"
"l10n_eu_nace.nace_47_54","47.54","Trgovina na malo električnim aparatima za kućanstvo u specijaliziranim prodavaonicama"
"l10n_eu_nace.nace_47_59","47.59","Trgovina na malo namještajem, opremom za rasvjetu i ostalim proizvodima za kućanstvo u specijaliziranim prodavaonicama"
"l10n_eu_nace.nace_47_6","47.6","Trgovina na malo proizvodima za kulturu i rekreaciju u specijaliziranim prodavaonicama"
"l10n_eu_nace.nace_47_61","47.61","Trgovina na malo knjigama u specijaliziranim prodavaonicama"
"l10n_eu_nace.nace_47_62","47.62","Trgovina na malo novinama, papirnatom robom i pisaćim priborom u specijaliziranim prodavaonicama"
"l10n_eu_nace.nace_47_63","47.63","Trgovina na malo glazbenim i videozapisima
u specijaliziranim prodavaonicama"
"l10n_eu_nace.nace_47_64","47.64","Trgovina na malo sportskom opremom u
specijaliziranim prodavaonicama"
"l10n_eu_nace.nace_47_65","47.65","Trgovina na malo igrama i igračkama u specijaliziranim prodavaonicama"
"l10n_eu_nace.nace_47_7","47.7","Trgovina na malo ostalom robom u specijaliziranim prodavaonicama"
"l10n_eu_nace.nace_47_71","47.71","Trgovina na malo odjećom u specijaliziranim prodavaonicama"
"l10n_eu_nace.nace_47_72","47.72","Trgovina na malo obućom i proizvodima od kože
u specijaliziranim prodavaonicama"
"l10n_eu_nace.nace_47_73","47.73","Ljekarne "
"l10n_eu_nace.nace_47_74","47.74","Trgovina na malo medicinskim pripravcima i ortopedskim pomagalima u specijaliziranim prodavaonicama"
"l10n_eu_nace.nace_47_75","47.75","Trgovina na malo kozmetičkim i toaletnim proizvodima
u specijaliziranim prodavaonicama"
"l10n_eu_nace.nace_47_76","47.76","Trgovina na malo cvijećem, sadnicama, sjemenjem, gnojivom, kućnim ljubimcima i hranom za kućne ljubimce u specijaliziranim prodavaonicama"
"l10n_eu_nace.nace_47_77","47.77","Trgovina na malo satovima i nakitom u specijaliziranim prodavaonicama"
"l10n_eu_nace.nace_47_78","47.78","Ostala trgovina na malo novom robom u specijaliziranim prodavaonicama"
"l10n_eu_nace.nace_47_79","47.79","Trgovina na malo rabljenom robom u specijaliziranim prodavaonicama"
"l10n_eu_nace.nace_47_8","47.8","Trgovina na malo na štandovima i tržnicama"
"l10n_eu_nace.nace_47_81","47.81","Trgovina na malo hranom, pićima i duhanskim proizvodima na štandovima i tržnicama"
"l10n_eu_nace.nace_47_82","47.82","Trgovina na malo tekstilom, odjećom i obućom na štandovima i tržnicama"
"l10n_eu_nace.nace_47_89","47.89","Trgovina na malo ostalom robom na štandovima i tržnicama"
"l10n_eu_nace.nace_47_9","47.9","Trgovina na malo izvan prodavaonica, štandova i tržnica"
"l10n_eu_nace.nace_47_91","47.91","Trgovina na malo preko pošte ili interneta"
"l10n_eu_nace.nace_47_99","47.99","Ostala trgovina na malo izvan prodavaonica, štandova i tržnica"
"l10n_eu_nace.nace_H","H","PRIJEVOZ I SKLADIŠTENJE"
"l10n_eu_nace.nace_49","49","Kopneni prijevoz i cjevovodni transport"
"l10n_eu_nace.nace_49_1","49.1","Željeznički prijevoz putnika, međugradski"
"l10n_eu_nace.nace_49_10","49.10","Željeznički prijevoz putnika, međugradski"
"l10n_eu_nace.nace_49_2","49.2","Željeznički prijevoz robe"
"l10n_eu_nace.nace_49_20","49.20","Željeznički prijevoz robe"
"l10n_eu_nace.nace_49_3","49.3","Ostali kopneni prijevoz putnika"
"l10n_eu_nace.nace_49_31","49.31","Gradski i prigradski kopneni prijevoz putnika"
"l10n_eu_nace.nace_49_32","49.32","Taksi služba"
"l10n_eu_nace.nace_49_39","49.39","Ostali kopneni prijevoz putnika, d. n."
"l10n_eu_nace.nace_49_4","49.4","Cestovni prijevoz robe i usluge preseljenja"
"l10n_eu_nace.nace_49_41","49.41","Cestovni prijevoz robe"
"l10n_eu_nace.nace_49_42","49.42","Usluge preseljenja"
"l10n_eu_nace.nace_49_5","49.5","Cjevovodni transport"
"l10n_eu_nace.nace_49_50","49.50","Cjevovodni transport"
"l10n_eu_nace.nace_50","50","Vodeni prijevoz"
"l10n_eu_nace.nace_50_1","50.1","Pomorski i obalni prijevoz putnika"
"l10n_eu_nace.nace_50_10","50.10","Pomorski i obalni prijevoz putnika"
"l10n_eu_nace.nace_50_2","50.2","Pomorski i obalni prijevoz robe"
"l10n_eu_nace.nace_50_20","50.20","Pomorski i obalni prijevoz robe"
"l10n_eu_nace.nace_50_3","50.3","Prijevoz putnika unutrašnjim vodenim putovima"
"l10n_eu_nace.nace_50_30","50.30","Prijevoz putnika unutrašnjim vodenim putovima"
"l10n_eu_nace.nace_50_4","50.4","Prijevoz robe unutrašnjim vodenim putovima"
"l10n_eu_nace.nace_50_40","50.40","Prijevoz robe unutrašnjim vodenim putovima"
"l10n_eu_nace.nace_51","51","Zračni prijevoz"
"l10n_eu_nace.nace_51_1","51.1","Zračni prijevoz putnika"
"l10n_eu_nace.nace_51_10","51.10","Zračni prijevoz putnika"
"l10n_eu_nace.nace_51_2","51.2","Zračni prijevoz robe i svemirski prijevoz"
"l10n_eu_nace.nace_51_21","51.21","Zračni prijevoz robe"
"l10n_eu_nace.nace_51_22","51.22","Svemirski prijevoz"
"l10n_eu_nace.nace_52","52","Skladištenje i prateće djelatnosti u prijevozu"
"l10n_eu_nace.nace_52_1","52.1","Skladištenje robe"
"l10n_eu_nace.nace_52_10","52.10","Skladištenje robe"
"l10n_eu_nace.nace_52_2","52.2","Prateće djelatnosti u prijevozu"
"l10n_eu_nace.nace_52_21","52.21","Uslužne djelatnosti u vezi s kopnenim prijevozom"
"l10n_eu_nace.nace_52_22","52.22","Uslužne djelatnosti u vezi s vodenim prijevozom"
"l10n_eu_nace.nace_52_23","52.23","Uslužne djelatnosti u vezi sa zračnim prijevozom"
"l10n_eu_nace.nace_52_24","52.24","Prekrcaj tereta"
"l10n_eu_nace.nace_52_29","52.29","Ostale prateće djelatnosti u prijevozu"
"l10n_eu_nace.nace_53","53","Poštanske i kurirske djelatnosti"
"l10n_eu_nace.nace_53_1","53.1","Djelatnosti pružanja univerzalnih poštanskih usluga"
"l10n_eu_nace.nace_53_10","53.10","Djelatnosti pružanja univerzalnih poštanskih usluga"
"l10n_eu_nace.nace_53_2","53.2","Djelatnosti pružanja ostalih poštanskih i kurirskih usluga"
"l10n_eu_nace.nace_53_20","53.20","Djelatnosti pružanja ostalih poštanskih i kurirskih usluga"
"l10n_eu_nace.nace_I","I","DJELATNOSTI PRUŽANJA SMJEŠTAJA TE PRIPREME I USLUŽIVANJA HRANE "
"l10n_eu_nace.nace_55","55","Smještaj"
"l10n_eu_nace.nace_55_1","55.1","Hoteli i sličan smještaj"
"l10n_eu_nace.nace_55_10","55.10","Hoteli i sličan smještaj"
"l10n_eu_nace.nace_55_2","55.2","Odmarališta i slični objekti za kraći odmor"
"l10n_eu_nace.nace_55_20","55.20","Odmarališta i slični objekti za kraći odmor"
"l10n_eu_nace.nace_55_3","55.3","Kampovi i prostori za kampiranje"
"l10n_eu_nace.nace_55_30","55.30","Kampovi i prostori za kampiranje"
"l10n_eu_nace.nace_55_9","55.9","Ostali smještaj"
"l10n_eu_nace.nace_55_90","55.90","Ostali smještaj"
"l10n_eu_nace.nace_56","56","Djelatnosti pripreme i usluživanja hrane i pića"
"l10n_eu_nace.nace_56_1","56.1","Djelatnosti restorana i ostalih objekata za pripremu i usluživanje hrane"
"l10n_eu_nace.nace_56_10","56.10","Djelatnosti restorana i ostalih objekata za pripremu i usluživanje hrane"
"l10n_eu_nace.nace_56_2","56.2","Djelatnosti keteringa i ostale djelatnosti pripreme i usluživanja hrane"
"l10n_eu_nace.nace_56_21","56.21","Djelatnosti keteringa"
"l10n_eu_nace.nace_56_29","56.29","Ostale djelatnosti pripreme i usluživanja hrane"
"l10n_eu_nace.nace_56_3","56.3","Djelatnosti pripreme i usluživanja pića"
"l10n_eu_nace.nace_56_30","56.30","Djelatnosti pripreme i usluživanja pića"
"l10n_eu_nace.nace_J","J","INFORMACIJE I KOMUNIKACIJE"
"l10n_eu_nace.nace_58","58","Izdavačke djelatnosti"
"l10n_eu_nace.nace_58_1","58.1","Izdavanje knjiga, periodičnih publikacija i ostale izdavačke djelatnosti"
"l10n_eu_nace.nace_58_11","58.11","Izdavanje knjiga"
"l10n_eu_nace.nace_58_12","58.12","Izdavanje imenika i popisa korisničkih adresa"
"l10n_eu_nace.nace_58_13","58.13","Izdavanje novina"
"l10n_eu_nace.nace_58_14","58.14","Izdavanje časopisa i periodičnih publikacija"
"l10n_eu_nace.nace_58_19","58.19","Ostala izdavačka djelatnost"
"l10n_eu_nace.nace_58_2","58.2","Izdavanje softvera"
"l10n_eu_nace.nace_58_21","58.21","Izdavanje računalnih igara"
"l10n_eu_nace.nace_58_29","58.29","Izdavanje ostalog softvera"
"l10n_eu_nace.nace_59","59","Proizvodnja filmova, videofilmova i televizijskog programa, djelatnosti snimanja zvučnih zapisa i izdavanja glazbenih zapisa"
"l10n_eu_nace.nace_59_1","59.1","Proizvodnja i distribucija filmova, videofilmova i televizijskog programa"
"l10n_eu_nace.nace_59_11","59.11","Proizvodnja filmova, videofilmova i televizijskog programa"
"l10n_eu_nace.nace_59_12","59.12","Djelatnosti koje slijede nakon proizvodnje filmova, videofilmova i televizijskog programa"
"l10n_eu_nace.nace_59_13","59.13","Distribucija filmova, videofilmova i televizijskog programa"
"l10n_eu_nace.nace_59_14","59.14","Djelatnosti prikazivanja filmova"
"l10n_eu_nace.nace_59_2","59.2","Djelatnosti snimanja zvučnih zapisa i izdavanja glazbenih zapisa"
"l10n_eu_nace.nace_59_20","59.20","Djelatnosti snimanja zvučnih zapisa i izdavanja glazbenih zapisa"
"l10n_eu_nace.nace_60","60","Emitiranje programa"
"l10n_eu_nace.nace_60_1","60.1","Emitiranje radijskog programa"
"l10n_eu_nace.nace_60_10","60.10","Emitiranje radijskog programa"
"l10n_eu_nace.nace_60_2","60.2","Emitiranje televizijskog programa"
"l10n_eu_nace.nace_60_20","60.20","Emitiranje televizijskog programa"
"l10n_eu_nace.nace_61","61","Telekomunikacije"
"l10n_eu_nace.nace_61_1","61.1","Djelatnosti žičane telekomunikacije"
"l10n_eu_nace.nace_61_10","61.10","Djelatnosti žičane telekomunikacije"
"l10n_eu_nace.nace_61_2","61.2","Djelatnosti bežične telekomunikacije"
"l10n_eu_nace.nace_61_20","61.20","Djelatnosti bežične telekomunikacije"
"l10n_eu_nace.nace_61_3","61.3","Djelatnosti satelitske telekomunikacije"
"l10n_eu_nace.nace_61_30","61.30","Djelatnosti satelitske telekomunikacije"
"l10n_eu_nace.nace_61_9","61.9","Ostale telekomunikacijske djelatnosti"
"l10n_eu_nace.nace_61_90","61.90","Ostale telekomunikacijske djelatnosti"
"l10n_eu_nace.nace_62","62","Računalno programiranje, savjetovanje i djelatnosti povezane s njima"
"l10n_eu_nace.nace_62_0","62.0","Računalno programiranje, savjetovanje i djelatnosti povezane s njima"
"l10n_eu_nace.nace_62_01","62.01","Računalno programiranje"
"l10n_eu_nace.nace_62_02","62.02","Savjetovanje u vezi s računalima"
"l10n_eu_nace.nace_62_03","62.03","Upravljanje računalnom opremom i sustavom"
"l10n_eu_nace.nace_62_09","62.09","Ostale uslužne djelatnosti u vezi s informacijskom tehnologijom i računalima"
"l10n_eu_nace.nace_63","63","Informacijske uslužne djelatnosti"
"l10n_eu_nace.nace_63_1","63.1","Obrada podataka, usluge poslužitelja i djelatnosti povezane s njima; internetski portali"
"l10n_eu_nace.nace_63_11","63.11","Obrada podataka, usluge poslužitelja i djelatnosti povezane s njima"
"l10n_eu_nace.nace_63_12","63.12","Internetski portali"
"l10n_eu_nace.nace_63_9","63.9","Ostale informacijske uslužne djelatnosti"
"l10n_eu_nace.nace_63_91","63.91","Djelatnosti novinskih agencija"
"l10n_eu_nace.nace_63_99","63.99","Ostale informacijske uslužne djelatnosti, d. n."
"l10n_eu_nace.nace_K","K","FINANCIJSKE DJELATNOSTI I DJELATNOSTI OSIGURANJA"
"l10n_eu_nace.nace_64","64","Financijske uslužne djelatnosti, osim osiguranja i mirovinskih fondova"
"l10n_eu_nace.nace_64_1","64.1","Novčarsko posredovanje"
"l10n_eu_nace.nace_64_11","64.11","Središnje bankarstvo"
"l10n_eu_nace.nace_64_19","64.19","Ostalo novčarsko posredovanje"
"l10n_eu_nace.nace_64_2","64.2","Djelatnosti holding-društava"
"l10n_eu_nace.nace_64_20","64.20","Djelatnosti holding-društava"
"l10n_eu_nace.nace_64_3","64.3","Uzajamni fondovi (trustovi), ostali fondovi i slični financijski subjekti"
"l10n_eu_nace.nace_64_30","64.30","Uzajamni fondovi (trustovi), fondovi i slični financijski subjekti"
"l10n_eu_nace.nace_64_9","64.9","Ostale financijske uslužne djelatnosti, osim osiguranja i mirovinskih fondova"
"l10n_eu_nace.nace_64_91","64.91","Financijski leasing"
"l10n_eu_nace.nace_64_92","64.92","Ostalo kreditno posredovanje"
"l10n_eu_nace.nace_64_99","64.99","Ostale financijske uslužne djelatnosti, osim osiguranja i mirovinskih fondova, d. n."
"l10n_eu_nace.nace_65","65","Osiguranje, reosiguranje i mirovinski fondovi, osim obveznoga socijalnog osiguranja"
"l10n_eu_nace.nace_65_1","65.1","Osiguranje"
"l10n_eu_nace.nace_65_11","65.11","Životno osiguranje"
"l10n_eu_nace.nace_65_12","65.12","Ostalo osiguranje"
"l10n_eu_nace.nace_65_2","65.2","Reosiguranje"
"l10n_eu_nace.nace_65_20","65.20","Reosiguranje"
"l10n_eu_nace.nace_65_3","65.3","Mirovinski fondovi"
"l10n_eu_nace.nace_65_30","65.30","Mirovinski fondovi"
"l10n_eu_nace.nace_66","66","Pomoćne djelatnosti kod financijskih usluga i djelatnosti osiguranja"
"l10n_eu_nace.nace_66_1","66.1","Pomoćne djelatnosti kod financijskih usluga, osim osiguranja i mirovinskih fondova"
"l10n_eu_nace.nace_66_11","66.11","Poslovanje financijskih tržišta"
"l10n_eu_nace.nace_66_12","66.12","Djelatnosti posredovanja u poslovanju vrijednosnim papirima i robnim ugovorima"
"l10n_eu_nace.nace_66_19","66.19","Ostale pomoćne djelatnosti kod financijskih usluga, osim osiguranja i mirovinskih fondova"
"l10n_eu_nace.nace_66_2","66.2","Pomoćne djelatnosti u osiguranju i mirovinskim fondovima"
"l10n_eu_nace.nace_66_21","66.21","Procjena rizika i štete"
"l10n_eu_nace.nace_66_22","66.22","Djelatnosti agenata i posrednika osiguranja "
"l10n_eu_nace.nace_66_29","66.29","Ostale pomoćne djelatnosti u osiguranju i mirovinskim fondovima"
"l10n_eu_nace.nace_66_3","66.3","Djelatnosti upravljanja fondovima"
"l10n_eu_nace.nace_66_30","66.30","Djelatnosti upravljanja fondovima"
"l10n_eu_nace.nace_L","L","POSLOVANJE NEKRETNINAMA"
"l10n_eu_nace.nace_68","68","Poslovanje nekretninama"
"l10n_eu_nace.nace_68_1","68.1","Kupnja i prodaja vlastitih nekretnina"
"l10n_eu_nace.nace_68_10","68.10","Kupnja i prodaja vlastitih nekretnina"
"l10n_eu_nace.nace_68_2","68.2","Iznajmljivanje i upravljanje vlastitim nekretninama ili nekretninama uzetim u zakup (leasing)"
"l10n_eu_nace.nace_68_20","68.20","Iznajmljivanje i upravljanje vlastitim nekretninama ili nekretninama uzetim u zakup (leasing)"
"l10n_eu_nace.nace_68_3","68.3","Poslovanje nekretninama uz naplatu ili na osnovi ugovora"
"l10n_eu_nace.nace_68_31","68.31","Agencije za poslovanje nekretninama"
"l10n_eu_nace.nace_68_32","68.32","Upravljanje nekretninama uz naplatu ili na osnovi ugovora"
"l10n_eu_nace.nace_M","M","STRUČNE, ZNANSTVENE I TEHNIČKE DJELATNOSTI"
"l10n_eu_nace.nace_69","69","Pravne i računovodstvene djelatnosti"
"l10n_eu_nace.nace_69_1","69.1","Pravne djelatnosti"
"l10n_eu_nace.nace_69_10","69.10","Pravne djelatnosti"
"l10n_eu_nace.nace_69_2","69.2","Računovodstvene, knjigovodstvene i revizijske djelatnosti; porezno savjetovanje"
"l10n_eu_nace.nace_69_20","69.20","Računovodstvene, knjigovodstvene i revizijske djelatnosti; porezno savjetovanje"
"l10n_eu_nace.nace_70","70","Upravljačke djelatnosti; savjetovanje u vezi s upravljanjem"
"l10n_eu_nace.nace_70_1","70.1","Upravljačke djelatnosti"
"l10n_eu_nace.nace_70_10","70.10","Upravljačke djelatnosti"
"l10n_eu_nace.nace_70_2","70.2","Savjetovanje u vezi s upravljanjem"
"l10n_eu_nace.nace_70_21","70.21","Odnosi s javnošću i djelatnosti priopćivanja"
"l10n_eu_nace.nace_70_22","70.22","Savjetovanje u vezi s poslovanjem i ostalim upravljanjem"
"l10n_eu_nace.nace_71","71","Arhitektonske djelatnosti i inženjerstvo; tehničko ispitivanje i analiza"
"l10n_eu_nace.nace_71_1","71.1","Arhitektonske djelatnosti i inženjerstvo te s njima povezano tehničko savjetovanje"
"l10n_eu_nace.nace_71_11","71.11","Arhitektonske djelatnosti"
"l10n_eu_nace.nace_71_12","71.12","Inženjerstvo i s njim povezano tehničko savjetovanje"
"l10n_eu_nace.nace_71_2","71.2","Tehničko ispitivanje i analiza"
"l10n_eu_nace.nace_71_20","71.20","Tehničko ispitivanje i analiza"
"l10n_eu_nace.nace_72","72","Znanstveno istraživanje i razvoj"
"l10n_eu_nace.nace_72_1","72.1","Istraživanje i eksperimentalni razvoj u prirodnim, tehničkim i tehnološkim znanostima"
"l10n_eu_nace.nace_72_11","72.11","Istraživanje i eksperimentalni razvoj u biotehnologiji"
"l10n_eu_nace.nace_72_19","72.19","Ostalo istraživanje i eksperimentalni razvoj u prirodnim, tehničkim i tehnološkim znanostima"
"l10n_eu_nace.nace_72_2","72.2","Istraživanje i eksperimentalni razvoj u društvenim i humanističkim znanostima"
"l10n_eu_nace.nace_72_20","72.20","Istraživanje i eksperimentalni razvoj u društvenim i humanističkim znanostima"
"l10n_eu_nace.nace_73","73","Promidžba (reklama i propaganda) i istraživanje tržišta"
"l10n_eu_nace.nace_73_1","73.1","Promidžba (reklama i propaganda)"
"l10n_eu_nace.nace_73_11","73.11","Agencije za promidžbu (reklamu i propagandu)"
"l10n_eu_nace.nace_73_12","73.12","Oglašavanje preko medija"
"l10n_eu_nace.nace_73_2","73.2","Istraživanje tržišta i ispitivanje javnoga mnijenja"
"l10n_eu_nace.nace_73_20","73.20","Istraživanje tržišta i ispitivanje javnoga mnijenja"
"l10n_eu_nace.nace_74","74","Ostale stručne, znanstvene i tehničke djelatnosti"
"l10n_eu_nace.nace_74_1","74.1","Specijalizirane dizajnerske djelatnosti"
"l10n_eu_nace.nace_74_10","74.10","Specijalizirane dizajnerske djelatnosti"
"l10n_eu_nace.nace_74_2","74.2","Fotografske djelatnosti"
"l10n_eu_nace.nace_74_20","74.20","Fotografske djelatnosti"
"l10n_eu_nace.nace_74_3","74.3","Prevoditeljske djelatnosti i usluge tumača"
"l10n_eu_nace.nace_74_30","74.30","Prevoditeljske djelatnosti i usluge tumača"
"l10n_eu_nace.nace_74_9","74.9","Ostale stručne, znanstvene i tehničke djelatnosti, d. n."
"l10n_eu_nace.nace_74_90","74.90","Ostale stručne, znanstvene i tehničke djelatnosti, d. n."
"l10n_eu_nace.nace_75","75","Veterinarske djelatnosti"
"l10n_eu_nace.nace_75_0","75.0","Veterinarske djelatnosti"
"l10n_eu_nace.nace_75_00","75.00","Veterinarske djelatnosti"
"l10n_eu_nace.nace_N","N","ADMINISTRATIVNE I POMOĆNE USLUŽNE DJELATNOSTI"
"l10n_eu_nace.nace_77","77","Djelatnosti iznajmljivanja i davanja u zakup (leasing)"
"l10n_eu_nace.nace_77_1","77.1","Iznajmljivanje i davanje u zakup (leasing) motornih vozila"
"l10n_eu_nace.nace_77_11","77.11","Iznajmljivanje i davanje u zakup (leasing) automobila i motornih vozila lake kategorije"
"l10n_eu_nace.nace_77_12","77.12","Iznajmljivanje i davanje u zakup (leasing) kamiona "
"l10n_eu_nace.nace_77_2","77.2","Iznajmljivanje i davanje u zakup (leasing) predmeta za osobnu uporabu i kućanstvo"
"l10n_eu_nace.nace_77_21","77.21","Iznajmljivanje i davanje u zakup (leasing) opreme za rekraciju i sport"
"l10n_eu_nace.nace_77_22","77.22","Iznajmljivanje videokaseta i diskova"
"l10n_eu_nace.nace_77_29","77.29","Iznajmljivanje i davanje u zakup (leasing) ostalih predmeta za osobnu uporabu i kućanstvo"
"l10n_eu_nace.nace_77_3","77.3","Iznajmljivanje i davanje u zakup (leasing) ostalih strojeva, opreme te materijalnih dobara"
"l10n_eu_nace.nace_77_31","77.31","Iznajmljivanje i davanje u zakup (leasing) poljoprivrednih strojeva i opreme"
"l10n_eu_nace.nace_77_32","77.32","Iznajmljivanje i davanje u zakup (leasing) strojeva i opreme za građevinarstvo i inženjerstvo"
"l10n_eu_nace.nace_77_33","77.33","Iznajmljivanje i davanje u zakup (leasing) uredskih strojeva i opreme (uključujući računala)"
"l10n_eu_nace.nace_77_34","77.34","Iznajmljivanje i davanje u zakup (leasing) plovnih prijevoznih sredstava"
"l10n_eu_nace.nace_77_35","77.35","Iznajmljivanje i davanje u zakup (leasing) zračnih prijevoznih sredstava"
"l10n_eu_nace.nace_77_39","77.39","Iznajmljivanje i davanje u zakup (leasing) ostalih strojeva, opreme i materijalnih dobara, d. n."
"l10n_eu_nace.nace_77_4","77.4","Davanje u zakup (leasing) prava na uporabu intelektualnog vlasnišva i sličnih proizvoda, osim radova koji su zaštićeni autorskim pravima"
"l10n_eu_nace.nace_77_40","77.40","Davanje u zakup (leasing) prava na uporabu intelektualnog vlasnišva i sličnih proizvoda, osim radova koji su zaštićeni autorskim pravima"
"l10n_eu_nace.nace_78","78","Djelatnosti zapošljavanja"
"l10n_eu_nace.nace_78_1","78.1","Djelatnosti agencija za zapošljavanje"
"l10n_eu_nace.nace_78_10","78.10","Djelatnosti agencija za zapošljavanje"
"l10n_eu_nace.nace_78_2","78.2","Djelatnosti agencija za privremeno zapošljavanje"
"l10n_eu_nace.nace_78_20","78.20","Djelatnosti agencija za privremeno zapošljavanje"
"l10n_eu_nace.nace_78_3","78.3","Ostalo ustupanje ljudskih resursa"
"l10n_eu_nace.nace_78_30","78.30","Ostalo ustupanje ljudskih resursa"
"l10n_eu_nace.nace_79","79","Putničke agencije, organizatori putovanja (turoperatori) i ostale rezervacijske usluge te djelatnosti povezane s njima"
"l10n_eu_nace.nace_79_1","79.1","Djelatnosti putničkih agencija i organizatora putovanja (turoperatora)"
"l10n_eu_nace.nace_79_11","79.11","Djelatnosti putničkih agencija"
"l10n_eu_nace.nace_79_12","79.12","Djelatnosti organizatora putovanja (turoperatora)"
"l10n_eu_nace.nace_79_9","79.9","Ostale rezervacijske usluge i djelatnosti povezane s njima"
"l10n_eu_nace.nace_79_90","79.90","Ostale rezervacijske usluge i djelatnosti povezane s njima"
"l10n_eu_nace.nace_80","80","Zaštitne i istražne djelatnosti"
"l10n_eu_nace.nace_80_1","80.1","Djelatnosti privatne zaštite"
"l10n_eu_nace.nace_80_10","80.10","Djelatnosti privatne zaštite"
"l10n_eu_nace.nace_80_2","80.2","Usluge zaštite uz pomoć sigurnosnih sustava"
"l10n_eu_nace.nace_80_20","80.20","Usluge zaštite uz pomoć sigurnosnih sustava"
"l10n_eu_nace.nace_80_3","80.3","Istražne djelatnosti"
"l10n_eu_nace.nace_80_30","80.30","Istražne djelatnosti"
"l10n_eu_nace.nace_81","81","Usluge u vezi s upravljanjem i održavanjem zgrada te djelatnosti uređenja i održavanja krajolika"
"l10n_eu_nace.nace_81_1","81.1","Upravljanje zgradama"
"l10n_eu_nace.nace_81_10","81.10","Upravljanje zgradama"
"l10n_eu_nace.nace_81_2","81.2","Djelatnosti čišćenja"
"l10n_eu_nace.nace_81_21","81.21","Osnovno čišćenje zgrada"
"l10n_eu_nace.nace_81_22","81.22","Ostale djelatnosti čišćenja zgrada i objekata"
"l10n_eu_nace.nace_81_29","81.29","Ostale djelatnosti čišćenja"
"l10n_eu_nace.nace_81_3","81.3","Uslužne djelatnosti uređenja i održavanja krajolika"
"l10n_eu_nace.nace_81_30","81.30","Uslužne djelatnosti uređenja i održavanja krajolika"
"l10n_eu_nace.nace_82","82","Uredske administrativne i pomoćne djelatnosti te ostale poslovne pomoćne djelatnosti"
"l10n_eu_nace.nace_82_1","82.1","Uredske administrativne i pomoćne djelatnosti"
"l10n_eu_nace.nace_82_11","82.11","Kombinirane uredske administrativne uslužne djelatnosti"
"l10n_eu_nace.nace_82_19","82.19","Fotokopiranje, priprema dokumenata i ostale specijalizirane uredske pomoćne djelatnosti"
"l10n_eu_nace.nace_82_2","82.2","Djelatnosti pozivnih centara"
"l10n_eu_nace.nace_82_20","82.20","Djelatnosti pozivnih centara"
"l10n_eu_nace.nace_82_3","82.3","Organizacija sastanaka i poslovnih sajmova"
"l10n_eu_nace.nace_82_30","82.30","Organizacija sastanaka i poslovnih sajmova"
"l10n_eu_nace.nace_82_9","82.9","Poslovne pomoćne uslužne djelatnosti, d. n."
"l10n_eu_nace.nace_82_91","82.91","Djelatnosti agencija za prikupljanje i naplatu računa te kreditnih ureda"
"l10n_eu_nace.nace_82_92","82.92","Djelatnosti pakiranja"
"l10n_eu_nace.nace_82_99","82.99","Ostale poslovne pomoćne uslužne djelatnosti, d. n."
"l10n_eu_nace.nace_O","O","JAVNA UPRAVA I OBRANA; OBVEZNO SOCIJALNO OSIGURANJE"
"l10n_eu_nace.nace_84","84","Javna uprava i obrana; obvezno socijalno osiguranje"
"l10n_eu_nace.nace_84_1","84.1","Državna uprava te ekonomska i socijalna politika zajednice"
"l10n_eu_nace.nace_84_11","84.11","Opće djelatnosti javne uprave"
"l10n_eu_nace.nace_84_12","84.12","Reguliranje djelatnosti subjekata koji pružaju zdravstvenu zaštitu, usluge u obrazovanju i kulturi i druge društvene usluge, osim obveznoga socijalnog osiguranja"
"l10n_eu_nace.nace_84_13","84.13","Reguliranje i poboljšavanje poslovanja u gospodarstvu"
"l10n_eu_nace.nace_84_2","84.2","Pružanje usluga zajednici kao cjelini"
"l10n_eu_nace.nace_84_21","84.21","Vanjski poslovi"
"l10n_eu_nace.nace_84_22","84.22","Poslovi obrane"
"l10n_eu_nace.nace_84_23","84.23","Sudske i pravosudne djelatnosti"
"l10n_eu_nace.nace_84_24","84.24","Poslovi javnog reda i sigurnosti"
"l10n_eu_nace.nace_84_25","84.25","Djelatnosti vatrogasne službe"
"l10n_eu_nace.nace_84_3","84.3","Djelatnosti obveznoga socijalnog osiguranja"
"l10n_eu_nace.nace_84_30","84.30","Djelatnosti obveznoga socijalnog osiguranja"
"l10n_eu_nace.nace_P","P","OBRAZOVANJE"
"l10n_eu_nace.nace_85","85","Obrazovanje"
"l10n_eu_nace.nace_85_1","85.1","Predškolsko obrazovanje"
"l10n_eu_nace.nace_85_10","85.10","Predškolsko obrazovanje"
"l10n_eu_nace.nace_85_2","85.2","Osnovno obrazovanje"
"l10n_eu_nace.nace_85_20","85.20","Osnovno obrazovanje"
"l10n_eu_nace.nace_85_3","85.3","Srednje obrazovanje"
"l10n_eu_nace.nace_85_31","85.31","Opće srednje obrazovanje"
"l10n_eu_nace.nace_85_32","85.32","Tehničko i strukovno srednje obrazovanje"
"l10n_eu_nace.nace_85_4","85.4","Visoko obrazovanje"
"l10n_eu_nace.nace_85_41","85.41","Obrazovanje nakon srednjeg koje nije visoko"
"l10n_eu_nace.nace_85_42","85.42","Visoko obrazovanje "
"l10n_eu_nace.nace_85_5","85.5","Ostalo obrazovanje i poučavanje"
"l10n_eu_nace.nace_85_51","85.51","Obrazovanje i poučavanje u području sporta i rekreacije"
"l10n_eu_nace.nace_85_52","85.52","Obrazovanje i poučavanje u području kulture"
"l10n_eu_nace.nace_85_53","85.53","Djelatnosti vozačkih škola"
"l10n_eu_nace.nace_85_59","85.59","Ostalo obrazovanje i poučavanje, d. n."
"l10n_eu_nace.nace_85_6","85.6","Pomoćne uslužne djelatnosti u obrazovanju"
"l10n_eu_nace.nace_85_60","85.60","Pomoćne uslužne djelatnosti u obrazovanju"
"l10n_eu_nace.nace_Q","Q","DJELATNOSTI ZDRAVSTVENE ZAŠTITE I SOCIJALNE SKRBI"
"l10n_eu_nace.nace_86","86","Djelatnosti zdravstvene zaštite"
"l10n_eu_nace.nace_86_1","86.1","Djelatnosti bolnica"
"l10n_eu_nace.nace_86_10","86.10","Djelatnosti bolnica"
"l10n_eu_nace.nace_86_2","86.2","Djelatnosti medicinske i stomatološke prakse"
"l10n_eu_nace.nace_86_21","86.21","Djelatnosti opće medicinske prakse"
"l10n_eu_nace.nace_86_22","86.22","Djelatnosti specijalističke medicinske prakse"
"l10n_eu_nace.nace_86_23","86.23","Djelatnosti stomatološke prakse"
"l10n_eu_nace.nace_86_9","86.9","Ostale djelatnosti zdravstvene zaštite"
"l10n_eu_nace.nace_86_90","86.90","Ostale djelatnosti zdravstvene zaštite"
"l10n_eu_nace.nace_87","87","Djelatnosti socijalne skrbi sa smještajem"
"l10n_eu_nace.nace_87_1","87.1","Djelatnosti ustanova za njegu"
"l10n_eu_nace.nace_87_10","87.10","Djelatnosti ustanova za njegu"
"l10n_eu_nace.nace_87_2","87.2","Djelatnosti socijalne skrbi sa smještajem za osobe s teškoćama u razvoju, duševno bolesne i osobe ovisne o alkoholu, drogama ili drugim opojnim sredstvima"
"l10n_eu_nace.nace_87_20","87.20","Djelatnosti socijalne skrbi sa smještajem za osobe s teškoćama u razvoju, duševno bolesne i osobe ovisne o alkoholu, drogama ili drugim opojnim sredstvima"
"l10n_eu_nace.nace_87_3","87.3","Djelatnosti socijalne skrbi sa smještajem za starije osobe i osobe s invaliditetom"
"l10n_eu_nace.nace_87_30","87.30","Djelatnosti socijalne skrbi sa smještajem za starije osobe i osobe s invaliditetom"
"l10n_eu_nace.nace_87_9","87.9","Ostale djelatnosti socijalne skrbi sa smještajem"
"l10n_eu_nace.nace_87_90","87.90","Ostale djelatnosti socijalne skrbi sa smještajem"
"l10n_eu_nace.nace_88","88","Djelatnosti socijalne skrbi bez smještaja"
"l10n_eu_nace.nace_88_1","88.1","Djelatnosti socijalne skrbi bez smještaja za starije osobe i osobe s invaliditetom"
"l10n_eu_nace.nace_88_10","88.10","Djelatnosti socijalne skrbi bez smještaja za starije osobe i osobe s invaliditetom"
"l10n_eu_nace.nace_88_9","88.9","Ostale djelatnosti socijalne skrbi bez smještaja"
"l10n_eu_nace.nace_88_91","88.91","Djelatnosti dnevne skrbi o djeci"
"l10n_eu_nace.nace_88_99","88.99","Ostale djelatnosti socijalne skrbi bez smještaja, d. n."
"l10n_eu_nace.nace_R","R","UMJETNOST, ZABAVA I REKREACIJA"
"l10n_eu_nace.nace_90","90","Kreativne, umjetničke i zabavne djelatnosti"
"l10n_eu_nace.nace_90_0","90.0","Kreativne, umjetničke i zabavne djelatnosti"
"l10n_eu_nace.nace_90_01","90.01","Izvođačka umjetnost"
"l10n_eu_nace.nace_90_02","90.02","Pomoćne djelatnosti u izvođačkoj umjetnosti"
"l10n_eu_nace.nace_90_03","90.03","Umjetničko stvaralaštvo"
"l10n_eu_nace.nace_90_04","90.04","Rad umjetničkih objekata"
"l10n_eu_nace.nace_91","91","Knjižnice, arhivi, muzeji i ostale kulturne djelatnosti"
"l10n_eu_nace.nace_91_0","91.0","Knjižnice, arhivi, muzeji i ostale kulturne djelatnosti"
"l10n_eu_nace.nace_91_01","91.01","Djelatnosti knjižnica i arhiva"
"l10n_eu_nace.nace_91_02","91.02","Djelatnosti muzeja"
"l10n_eu_nace.nace_91_03","91.03","Rad povijesnih mjesta i građevina te sličnih zanimljivosti za posjetitelje"
"l10n_eu_nace.nace_91_04","91.04","Djelatnosti botaničkih i zooloških vrtova i prirodnih rezervata"
"l10n_eu_nace.nace_92","92","Djelatnosti kockanja i klađenja"
"l10n_eu_nace.nace_92_0","92.0","Djelatnosti kockanja i klađenja"
"l10n_eu_nace.nace_92_00","92.00","Djelatnosti kockanja i klađenja"
"l10n_eu_nace.nace_93","93","Sportske djelatnosti te zabavne i rekreacijske djelatnosti"
"l10n_eu_nace.nace_93_1","93.1","Sportske djelatnosti"
"l10n_eu_nace.nace_93_11","93.11","Rad sportskih objekata"
"l10n_eu_nace.nace_93_12","93.12","Djelatnosti sportskih klubova"
"l10n_eu_nace.nace_93_13","93.13","Fitnes centri"
"l10n_eu_nace.nace_93_19","93.19","Ostale sportske djelatnosti"
"l10n_eu_nace.nace_93_2","93.2","Zabavne i rekreacijske djelatnosti"
"l10n_eu_nace.nace_93_21","93.21","Djelatnosti zabavnih i tematskih parkova"
"l10n_eu_nace.nace_93_29","93.29","Ostale zabavne i rekreacijske djelatnosti"
"l10n_eu_nace.nace_S","S","OSTALE USLUŽNE DJELATNOSTI"
"l10n_eu_nace.nace_94","94","Djelatnosti članskih organizacija"
"l10n_eu_nace.nace_94_1","94.1","Djelatnosti poslovnih organizacija, organizacija poslodavaca i strukovnih članskih organizacija"
"l10n_eu_nace.nace_94_11","94.11","Djelatnosti poslovnih organizacija i organizacija poslodavaca"
"l10n_eu_nace.nace_94_12","94.12","Djelatnosti strukovnih članskih organizacija"
"l10n_eu_nace.nace_94_2","94.2","Djelatnosti sindikata"
"l10n_eu_nace.nace_94_20","94.20","Djelatnosti sindikata"
"l10n_eu_nace.nace_94_9","94.9","Djelatnosti ostalih članskih organizacija"
"l10n_eu_nace.nace_94_91","94.91","Djelatnosti vjerskih organizacija"
"l10n_eu_nace.nace_94_92","94.92","Djelatnosti političkih organizacija"
"l10n_eu_nace.nace_94_99","94.99","Djelatnosti ostalih članskih organizacija, d. n."
"l10n_eu_nace.nace_95","95","Popravak računala i predmeta za osobnu uporabu i kućanstvo"
"l10n_eu_nace.nace_95_1","95.1","Popravak računala i komunikacijske opreme"
"l10n_eu_nace.nace_95_11","95.11","Popravak računala i periferne opreme"
"l10n_eu_nace.nace_95_12","95.12","Popravak komunikacijske opreme"
"l10n_eu_nace.nace_95_2","95.2","Popravak predmeta za osobnu uporabu i kućanstvo"
"l10n_eu_nace.nace_95_21","95.21","Popravak elektroničkih uređaja za široku potrošnju"
"l10n_eu_nace.nace_95_22","95.22","Popravak aparata za kućanstvo te opreme za kuću i vrt"
"l10n_eu_nace.nace_95_23","95.23","Popravak obuće i proizvoda od kože"
"l10n_eu_nace.nace_95_24","95.24","Popravak namještaja i pokućstva"
"l10n_eu_nace.nace_95_25","95.25","Popravak satova i nakita"
"l10n_eu_nace.nace_95_29","95.29","Popravak ostalih predmeta za osobnu uporabu i kućanstvo "
"l10n_eu_nace.nace_96","96","Ostale osobne uslužne djelatnosti"
"l10n_eu_nace.nace_96_0","96.0","Ostale osobne uslužne djelatnosti"
"l10n_eu_nace.nace_96_01","96.01","Pranje i kemijsko čišćenje tekstila i krznenih proizvoda"
"l10n_eu_nace.nace_96_02","96.02","Frizerski saloni i saloni za uljepšavanje"
"l10n_eu_nace.nace_96_03","96.03","Pogrebne i srodne djelatnosti"
"l10n_eu_nace.nace_96_04","96.04","Djelatnosti za njegu i održavanje tijela"
"l10n_eu_nace.nace_96_09","96.09","Ostale osobne uslužne djelatnosti, d. n."
"l10n_eu_nace.nace_T","T","DJELATNOSTI KUĆANSTAVA KAO POSLODAVACA; DJELATNOSTI KUĆANSTAVA KOJA PROIZVODE RAZLIČITU ROBU I OBAVLJAJU RAZLIČITE USLUGE ZA VLASTITE POTREBE"
"l10n_eu_nace.nace_97","97","Djelatnosti kućanstava koja zapošljavaju poslugu"
"l10n_eu_nace.nace_97_0","97.0","Djelatnosti kućanstava koja zapošljavaju poslugu"
"l10n_eu_nace.nace_97_00","97.00","Djelatnosti kućanstava koja zapošljavaju poslugu"
"l10n_eu_nace.nace_98","98","Djelatnosti privatnih kućanstava koja proizvode različitu robu i obavljaju različite usluge za vlastite potrebe"
"l10n_eu_nace.nace_98_1","98.1","Djelatnosti privatnih kućanstava koja proizvode različitu robu za vlastite potrebe"
"l10n_eu_nace.nace_98_10","98.10","Djelatnosti privatnih kućanstava koja proizvode različitu robu za vlastite potrebe"
"l10n_eu_nace.nace_98_2","98.2","Djelatnosti privatnih kućanstava koja obavljaju različite usluge za vlastite potrebe"
"l10n_eu_nace.nace_98_20","98.20","Djelatnosti privatnih kućanstava koja obavljaju različite usluge za vlastite potrebe"
"l10n_eu_nace.nace_U","U","DJELATNOSTI IZVANTERITORIJALNIH ORGANIZACIJA I TIJELA"
"l10n_eu_nace.nace_99","99","Djelatnosti izvanteritorijalnih organizacija i tijela"
"l10n_eu_nace.nace_99_0","99.0","Djelatnosti izvanteritorijalnih organizacija i tijela"
"l10n_eu_nace.nace_99_00","99.00","Djelatnosti izvanteritorijalnih organizacija i tijela"
